Compound,Date,Media Source,Negative,Neutral,Positive,Text,Tweet Count
-0.3818,Mon Mar 19 19:33:04 +0000 2018,@BBC,0.11,0.89,0.0,"Follow the dramatic and deadly series of events that took place at two funerals in Belfast in March 1988. 

The Fun‚Ä¶ https://t.co/y3MZaR8hsi",1
0.1531,Mon Mar 19 18:33:05 +0000 2018,@BBC,0.116,0.709,0.175,"Leonardo DiCaprio stars in the true story of a con man who cashed fake cheques worth millions. 

Catch Me If You Ca‚Ä¶ https://t.co/HWShPj9ngi",2
-0.1027,Mon Mar 19 18:03:01 +0000 2018,@BBC,0.08,0.92,0.0,"üòÇüì∏ @AlanCarr learned the hard way that you only get one shot at a school photo. #LiveAtTheApollo 

https://t.co/fv5JmcRgz4",3
0.0,Mon Mar 19 17:30:08 +0000 2018,@BBC,0.0,1.0,0.0,üé§Pop band @FifthHarmony have announced they're taking a break to pursue solo careers üé∂https://t.co/tLOR7h1gZy https://t.co/5c77Cfjfp6,4
-0.7096,Mon Mar 19 17:00:05 +0000 2018,@BBC,0.414,0.442,0.144,"Murder. Innocence. Lies. 

@AgathaChristie classic, #OrdealByInnocence, comes to @BBCOne soon.
https://t.co/qfJThHowXC",5
0.0,Mon Mar 19 16:33:29 +0000 2018,@BBC,0.0,1.0,0.0,Here are the latest snow scenes from around the UK. ‚ùÑÔ∏èüì∏ https://t.co/eTBGkQ4MPU https://t.co/txRHxkOn5C,6
0.0,Mon Mar 19 15:02:02 +0000 2018,@BBC,0.0,1.0,0.0,'Flabbergasted'. üé∂This is the incredible moment when eight London teenagers heard a live opera singer for the first‚Ä¶ https://t.co/jNki4Z61SE,7
0.0,Mon Mar 19 14:30:08 +0000 2018,@BBC,0.0,1.0,0.0,"Meet the dancing slum kids tipped for stardom by Rihanna üé∂
https://t.co/R61fzQGIzd https://t.co/wGcvBKmdaZ",8
0.6588,Mon Mar 19 13:44:55 +0000 2018,@BBC,0.0,0.788,0.212,"RT @bbcgetinspired: The Nation's Billion Steps Challenge is here! üôå 

Yesterday we did an amazing 431 million steps ‚Äì can we do even better‚Ä¶",9
-0.3412,Mon Mar 19 13:03:04 +0000 2018,@BBC,0.112,0.888,0.0,"üí≠ ""There's always that voice in the back of your head that says you're not good enough"". 

 üí™ @CarrieHFletcher on b‚Ä¶ https://t.co/0AsBxFFiQA",10
0.0,Mon Mar 19 12:55:17 +0000 2018,@BBC,0.0,1.0,0.0,RT @BBCRadioScot: This must have been some buzz! üêùüêùüêù https://t.co/0gqtbQBN1i,11
0.0,Mon Mar 19 12:30:05 +0000 2018,@BBC,0.0,1.0,0.0,Where are the UK's youngest and oldest city populations? https://t.co/eIU7UzqHBS https://t.co/vdXMTDluuX,12
-0.0516,Mon Mar 19 11:50:58 +0000 2018,@BBC,0.107,0.893,0.0,RT @BBCSport: This 102-shot badminton rally will leave you exhausted... https://t.co/LFC4r4iwiz,13
0.4588,Mon Mar 19 11:33:04 +0000 2018,@BBC,0.0,0.857,0.143,"Have you got a passion for plants? üåøüå∏üå±üçÉüå∑

Test your knowledge of all things foliage in this quiz. üëâ‚Ä¶ https://t.co/evogV5ljAc",14
0.0,Mon Mar 19 10:53:19 +0000 2018,@BBC,0.0,1.0,0.0,"RT @BBCSport: üéâ The Commonwealth Games are almost upon us! üéâ

Scotland's Lynsey Sharp has given us the inside track on preparing for succes‚Ä¶",15
0.5106,Mon Mar 19 10:33:03 +0000 2018,@BBC,0.0,0.837,0.163,The oldest dog that the Dogs Trust has ever looked after has been given a new home. ‚ù§Ô∏èÔ∏èüê∂https://t.co/h0WQHkfMEf https://t.co/ixb7gesOIj,16
-0.3818,Mon Mar 19 09:58:24 +0000 2018,@BBC,0.191,0.809,0.0,"RT @BBCR1: Desperately searching for any signs of spring like... üå∏

#MondayMotivation https://t.co/9jo3h4C7bu",17
0.4199,Mon Mar 19 09:58:15 +0000 2018,@BBC,0.0,0.843,0.157,"RT @BBCRadioWales: ‚ùÑÔ∏è Snowy Cardiff! ‚õÑÔ∏è 

What‚Äôs it like for you?

#ButePark 
#Cardiff 
#MiniBeast
#Snow https://t.co/O8gY1qjHVE",18
0.0,Mon Mar 19 09:58:10 +0000 2018,@BBC,0.0,1.0,0.0,"RT @BBCNews: Stem cell transplant ""game changer"" for MS patients https://t.co/BGWtdtXUAP",19
0.128,Mon Mar 19 09:57:58 +0000 2018,@BBC,0.079,0.789,0.133,RT @BBCBreakfast: Anyone want to play a game of spot Tracey's feet? Our floor manager Tracey had to dive behind the sofa to avoid being on‚Ä¶,20
0.3642,Mon Mar 19 09:32:02 +0000 2018,@BBC,0.0,0.848,0.152,"'Who wants a normal life?' We should all be a little more like @chessmartinez. üëèüíñ #LiveAtTheApollo

https://t.co/VddL8zWJfS",21
0.0,Mon Mar 19 09:27:50 +0000 2018,@BBC,0.0,1.0,0.0,"RT @BBCWthrWatchers: Some incredible photos sent in last night of the #Auroraborealis from Skye Woody, Cumbrian stargazer and DJStewie.  Di‚Ä¶",22
0.5994,Mon Mar 19 08:45:02 +0000 2018,@BBC,0.0,0.738,0.262,Beautiful spring blossom in south-west China has been captured by drone https://t.co/WTo7JjiKXw,23
-0.296,Mon Mar 19 08:02:00 +0000 2018,@BBC,0.109,0.891,0.0,"ü§î Should we still be worried about the hole in the ozone layer?

üå§ @SimonOKing and @clarenasir investigate in their‚Ä¶ https://t.co/SZV3Df9y0t",24
0.0,Sun Mar 18 20:30:11 +0000 2018,@BBC,0.0,1.0,0.0,"üèÉüí™ @LesDennis, @SimplySusannah, @Tameka_Empson and Miles Jupp embark on a muscle-grinding mission to regain their f‚Ä¶ https://t.co/B1rXaalmk2",25
0.0258,Sun Mar 18 20:03:04 +0000 2018,@BBC,0.086,0.824,0.09,üëéüíå Fans of K-Pop boyband member @IBGDRGN have been asked to stop sending fan mail to the army base where he's doing‚Ä¶ https://t.co/ojtDZ3gMfb,26
0.5994,Sun Mar 18 19:33:04 +0000 2018,@BBC,0.0,0.803,0.197,"Saoirse Ronan stars as Eilis, a young girl who jumps at the chance of a better life when she emigrates to New York.‚Ä¶ https://t.co/NtHAfh6cjZ",27
-0.5994,Sun Mar 18 18:44:02 +0000 2018,@BBC,0.163,0.837,0.0,"Ruth Ellis was only 28 when she became the last woman hanged to death in the UK. 

#TheRuthEllisFiles | Watch on‚Ä¶ https://t.co/5kUIFtom7t",28
0.204,Sun Mar 18 18:34:14 +0000 2018,@BBC,0.077,0.772,0.151,"RT @BBC_TopGear: 840bhp goes a little like this‚Ä¶

@Matt_LeBlanc takes the Dodge Challenger SRT #Demon to the drag strip in this Sunday‚Äôs @T‚Ä¶",29
0.7331,Sun Mar 18 17:18:12 +0000 2018,@BBC,0.0,0.66,0.34,"RT @bbcthree: Be honest, do you think you'll be this fit at 81? https://t.co/Eca0uGCF6b",30
0.0,Sun Mar 18 17:04:03 +0000 2018,@BBC,0.0,1.0,0.0,"üçéüóë How much food do you throw away? If you're a typical Brit, you probably think it's hardly any.

You're in denial‚Ä¶ https://t.co/0bSCbRrZJr",31
0.0,Sun Mar 18 16:33:17 +0000 2018,@BBC,0.0,1.0,0.0,"‚ù§Ô∏èÔ∏èüì∏Zun Lee wants his photography to give a balanced and nuanced portrayal of black fatherhood.

üëâ‚Ä¶ https://t.co/LodRrr27fd",32
0.0,Sun Mar 18 15:41:04 +0000 2018,@BBC,0.0,1.0,0.0,"ü§∞ A doctor explains why you can get pregnant and give birth without having a baby bump. 
üëâ https://t.co/nVrSpQoTOT https://t.co/iEEOjZdBKL",33
0.0772,Sun Mar 18 14:33:07 +0000 2018,@BBC,0.0,0.947,0.053,RT @BBCEngland: A number of runners have held their own half-marathon in Reading after the official event was called off due to the snowy w‚Ä¶,34
0.0,Sun Mar 18 14:28:23 +0000 2018,@BBC,0.0,1.0,0.0,RT @BBCSport: They‚Äôve done it! Gold for GB‚Äôs Menna Fitzpatrick and Jen Kehoe in the visually impaired slalom at the Winter Paralympics. And‚Ä¶,35
0.0,Sun Mar 18 14:18:01 +0000 2018,@BBC,0.0,1.0,0.0,üì±üöó Why a rise in electric cars could also mean a hike in the cost of your next phone. https://t.co/6i5xFQgRIW,36
0.6369,Sun Mar 18 14:08:37 +0000 2018,@BBC,0.0,0.682,0.318,RT @BBC6Music: ‚úèÔ∏è Which song has the greatest opening line?,37
0.3182,Sun Mar 18 13:45:03 +0000 2018,@BBC,0.0,0.905,0.095,üé§Pop music is awash with those that released one hit album and never followed it up. Here are 7 huge artists that o‚Ä¶ https://t.co/4ukT9drcdG,38
0.0,Sun Mar 18 13:00:08 +0000 2018,@BBC,0.0,1.0,0.0,"üçîüò≤ Would you eat a burger pie?  
#BackInTimeForTea https://t.co/zGWzJwdSlM",39
0.0,Sun Mar 18 12:29:50 +0000 2018,@BBC,0.0,1.0,0.0,RT @BBCOne: If food is the language of love... https://t.co/5hnYovE94o,40
-0.4588,Sun Mar 18 11:43:04 +0000 2018,@BBC,0.167,0.833,0.0,"Ever wondered why David Bowie wore an eye patch?

Strange things artists have worn on stage and the reasons why. 
üëâ‚Ä¶ https://t.co/8zSBXQkLvy",41
0.4939,Sun Mar 18 10:30:04 +0000 2018,@BBC,0.0,0.826,0.174,"üçûü•ñ Want to learn how to bake bread?

These easy to follow recipes and step-by-step videos will have you baking ever‚Ä¶ https://t.co/iXEmj5WJdD",42
-0.4215,Sun Mar 18 10:00:08 +0000 2018,@BBC,0.259,0.741,0.0,"‚ÄúI regret spending ¬£50,000 on my wedding.‚Äù https://t.co/6PxJsDf9dn https://t.co/eJdx7KMmmK",43
0.0,Sun Mar 18 09:30:03 +0000 2018,@BBC,0.0,1.0,0.0,"How to be 20 on the inside, even when you‚Äôre 80 on the outside... https://t.co/KB2mqpkrIB",44
0.656,Sun Mar 18 09:19:33 +0000 2018,@BBC,0.061,0.727,0.212,"RT @BBCNews: Snow and ice are bringing disruption to many parts of the UK - but they're not stopping everyone from having fun üê∂‚ùÑÔ∏è

https://‚Ä¶",45
0.0,Sun Mar 18 09:10:02 +0000 2018,@BBC,0.0,1.0,0.0,"RT @bbc5live: The beast from the east is back ‚ùÑÔ∏èüå®Ô∏è

You've been in touch this morning with your #uksnow pics, here are just a few...

What'‚Ä¶",46
0.0,Sat Mar 17 20:02:01 +0000 2018,@BBC,0.0,1.0,0.0,"These seven celebrities are about to go on the journey of a lifetime... #Pilgrimage
https://t.co/m45UBXJew2",47
0.0,Sat Mar 17 19:21:02 +0000 2018,@BBC,0.0,1.0,0.0,Can we just take a moment to discuss Eddie Redmanyne's coats?https://t.co/odVkhWyRKs,48
0.0,Sat Mar 17 18:32:01 +0000 2018,@BBC,0.0,1.0,0.0,"Ouch! üòÇüî•@GordonRamsay's daughter is hilarious... 
https://t.co/0dqwntX5uj",49
0.3612,Sat Mar 17 18:03:04 +0000 2018,@BBC,0.0,0.857,0.143,"üêú1‚É£2‚É£3‚É£Sir David Attenborough explores whether there is counting in the natural world. 

David Attenborough's Natur‚Ä¶ https://t.co/Q4H4uXR4pt",50
0.3182,Sat Mar 17 17:30:07 +0000 2018,@BBC,0.0,0.901,0.099,One of the writers for The Simpsons has told @BBCNewsbeat Stephen Hawking was such a big fan of the show - he'd sho‚Ä¶ https://t.co/Jjer3V4cYk,51
0.4767,Sat Mar 17 17:00:08 +0000 2018,@BBC,0.0,0.785,0.215,"üéìüìö 'The moment I gave Reese Witherspoon my Legally Blonde dissertation... and yes, it was scented.'
üëâ‚Ä¶ https://t.co/z8x5mqqKoW",52
0.0,Sat Mar 17 16:39:39 +0000 2018,@BBC,0.0,1.0,0.0,RT @BBCWorld: Blossom in south-west China captured by drone https://t.co/gIDKUn1La6,53
0.0,Sat Mar 17 15:03:12 +0000 2018,@BBC,0.0,1.0,0.0,"This year, over 250 landmarks across the globe are going green for #StPatricksDay! üçÄ https://t.co/TlWqU0TXQT https://t.co/i4sW4OaGrQ",54
0.0,Sat Mar 17 14:43:43 +0000 2018,@BBC,0.0,1.0,0.0,"RT @BBCRadio3: ""Even if we found a complete theory of the universe, it wouldn't remove the need for music"" - #StephenHawking
https://t.co/t‚Ä¶",55
0.8625,Sat Mar 17 14:00:30 +0000 2018,@BBC,0.0,0.699,0.301,‚õ∑‚ù§Ô∏è George has autism and other health conditions - but his love of skiing is helping him take on the outside world. https://t.co/kfCzRzkcNY,56
0.3628,Sat Mar 17 13:46:15 +0000 2018,@BBC,0.073,0.784,0.143,"RT @5liveSport: 'My mates didn't know I was playing @realmadrid'

@ManUtd's @carras16 tells @ColinMurray his friends keep him grounded‚Ä¶

'A‚Ä¶",57
0.4019,Sat Mar 17 13:00:08 +0000 2018,@BBC,0.0,0.881,0.119,"Yes, Gary Oldman and @BBCEastEnders' Big Mo are brother and sister. 

But do you know these other celeb family ties‚Ä¶ https://t.co/dtzMwD3nBB",58
-0.7244,Sat Mar 17 12:39:41 +0000 2018,@BBC,0.336,0.664,0.0,"RT @BBCOne: .@NiallOfficial won't let fame get to his head - Ireland won't allow it. 

Happy #StPatricksDay üçÄ https://t.co/OrWR94HStF",59
0.5106,Sat Mar 17 12:00:09 +0000 2018,@BBC,0.112,0.643,0.245,‚ôªÔ∏èüóë This shop encourages you to bring your own container from home to save on single-use plastic waste. https://t.co/TdHJSycKtO,60
0.8883,Sat Mar 17 11:30:09 +0000 2018,@BBC,0.0,0.488,0.512,üáÆüá™ üçÄ Celebrate #StPatricksDay in true Irish style with these delicious recipes! üëâhttps://t.co/2MCMlz6K0B https://t.co/k18P3Syx2N,61
0.6249,Sat Mar 17 11:03:05 +0000 2018,@BBC,0.0,0.796,0.204,From scrambled eggs to chilli-spiced crisps: here are six great ways to cook with kale. üòãüëâhttps://t.co/lqKD1h83Iv https://t.co/yWESBJm62q,62
0.6996,Sat Mar 17 10:14:25 +0000 2018,@BBC,0.066,0.658,0.276,RT @BBCTwo: Happy #StPatricksDay! Check out what's lurking beneath the calm waters of Ireland's west coast... üáÆüá™ü¶à https://t.co/6MQgyLTlIr,63
0.0,Sat Mar 17 10:00:02 +0000 2018,@BBC,0.0,1.0,0.0,"üé∂üê¶ Did you know that bullfinches can learn to sing a tune by mimicking humans?

üîä Sound on for this one!  https://t.co/44OFulioZp",64
-0.7717,Sat Mar 17 09:39:19 +0000 2018,@BBC,0.251,0.749,0.0,"RT @BBCEngland: Stephen Hawking's PhD thesis has been viewed 250,000 times online since news of his death broke on Wednesday, the Universit‚Ä¶",65
0.6369,Sat Mar 17 09:00:06 +0000 2018,@BBC,0.0,0.714,0.286,"Ready to get active?
üèÉ Here are 5 ways you can get involved in #SportRelief2018. 
üëâ https://t.co/wmKUWBDBjp https://t.co/xr7g5Hw4PK",66
0.7783,Fri Mar 16 19:38:34 +0000 2018,@BBC,0.0,0.726,0.274,"RT @BBCR1: This guy just raised over a million pounds for @sportrelief üôåüèª

Congratulations on completing a truly mammoth task @gregjames, w‚Ä¶",67
0.4926,Fri Mar 16 18:31:01 +0000 2018,@BBC,0.0,0.61,0.39,üí™üò≤‚öΩÔ∏è Keepy-uppy the good work! https://t.co/lFtKEBxjNJ,68
0.5719,Fri Mar 16 17:00:25 +0000 2018,@BBC,0.0,0.791,0.209,‚ù§Ô∏èüéß Bradley has never let Asperger's hold him back from doing what he loves. https://t.co/5JFvIXeDSZ,69
0.0,Fri Mar 16 16:30:01 +0000 2018,@BBC,0.0,1.0,0.0,"Running for the door on a Friday afternoon like...
#FridayFeeling https://t.co/optoQcK1TV",70
0.0,Fri Mar 16 16:00:00 +0000 2018,@BBC,0.0,1.0,0.0,üîäüéµJarvis Cocker describes the dream-like experience of visiting La Monte Young's Dreamhouse.‚Ä¶ https://t.co/O9u7sPRL5m,71
0.0,Fri Mar 16 14:25:15 +0000 2018,@BBC,0.0,1.0,0.0,"RT @BBCR1: The gruelling task of climbing Ben Nevis in underway for @gregjames after cycling 180 miles in a day and a half!

Don't know abo‚Ä¶",72
0.34,Fri Mar 16 14:00:13 +0000 2018,@BBC,0.0,0.841,0.159,Prepare to get that warm fuzzy feeling - the man who photobombed his wife 11 years before he met her:‚Ä¶ https://t.co/iZBJ8dEKhz,73
0.6124,Fri Mar 16 12:59:01 +0000 2018,@BBC,0.0,0.667,0.333,ü§îüé® Why are soap bubbles such gorgeous colours? https://t.co/ppaXTcvWRZ,74
0.3612,Fri Mar 16 12:38:40 +0000 2018,@BBC,0.0,0.902,0.098,"RT @BBCNewsPR: Get ready to make the headlines. 

Try out our new BBC iReporter game, putting you in the heart of the newsroom #BBCSchoolRe‚Ä¶",75
-0.6486,Fri Mar 16 12:00:04 +0000 2018,@BBC,0.238,0.762,0.0,"üòÇ Fights, funerals, and giant furry heads... @BBCThree lifts the lid on the lives of English football's mascots
üëâ‚Ä¶ https://t.co/gEYxoetlah",76
0.5574,Fri Mar 16 10:45:24 +0000 2018,@BBC,0.0,0.841,0.159,"RT @BBCRadio2: It's with a heavy heart that today we announce, after 18 fantastic years, @realLynnBowles is leaving Radio 2. üò¢

@realkenbru‚Ä¶",77
0.0,Fri Mar 16 10:02:00 +0000 2018,@BBC,0.0,1.0,0.0,Are you getting enough sleep? This simple test will tell you... ü•Ñüò¥#WorldSleepDay https://t.co/SP28dsdLSf,78
0.4939,Fri Mar 16 09:35:56 +0000 2018,@BBC,0.0,0.814,0.186,"RT @bbcthree: the dancing in taylor swift's new video seems pretty familiar 

CC @ChrisLilley https://t.co/MfA9usnqSb",79
0.6486,Fri Mar 16 09:35:50 +0000 2018,@BBC,0.0,0.813,0.187,"RT @BBCEngland: Oscar-winning British short film The Silent Child is to be shown on BBC One on Good Friday, giving UK viewers the first cha‚Ä¶",80
0.0,Fri Mar 16 09:35:47 +0000 2018,@BBC,0.0,1.0,0.0,RT @BBCScotlandNews: Meet Chloe - the five-year-old girl changing perceptions of Down's syndrome https://t.co/UNylRgDoY0 https://t.co/4ZjpI‚Ä¶,81
0.4939,Fri Mar 16 09:35:43 +0000 2018,@BBC,0.0,0.802,0.198,"RT @BBCWales: üåº Daffodils dance in the spring sunshine above Tenby harbour

üì∑ #Photooftheday ¬ª https://t.co/kNBVDzoYrZ https://t.co/OEQQWR7‚Ä¶",82
0.4404,Fri Mar 16 09:00:03 +0000 2018,@BBC,0.0,0.847,0.153,"üí™ After having his leg amputated, @MarkSmithBB is now training to become the world's strongest disabled man. https://t.co/BXlGp09hya",83
0.6115,Fri Mar 16 08:30:05 +0000 2018,@BBC,0.0,0.84,0.16,"üå∏üåªüå∫
Take a look at some of the strangest, scariest and most wonderful plants on the planet, and find out what makes‚Ä¶ https://t.co/AMFIAuRcxW",84
-0.4019,Fri Mar 16 08:00:08 +0000 2018,@BBC,0.172,0.828,0.0,üò¨üõ∞üåè Brace yourselves... a Chinese space station could be about to crash into earth. https://t.co/cPFxyUhRsq,85
0.3327,Thu Mar 15 21:58:00 +0000 2018,@BBC,0.0,0.809,0.191,Why were Ansel Adams photographs of America so important? #Civilisations https://t.co/8krOMxDz9C,86
0.5574,Thu Mar 15 21:04:00 +0000 2018,@BBC,0.108,0.613,0.278,"At a time in China when artists were persecuted, this painter secretly created beautiful landscapes. #Civilisations https://t.co/ApGgOkXX2w",87
-0.3818,Thu Mar 15 19:30:04 +0000 2018,@BBC,0.174,0.737,0.089,70% of children growing up in poverty in Scotland have a parent who is in work. https://t.co/NPY8FbCaf4,88
-0.296,Thu Mar 15 18:30:06 +0000 2018,@BBC,0.095,0.905,0.0,"No time in the mornings? 
üçØüçé Pop these in the fridge the night before to feed the family breakfast almost instantly‚Ä¶ https://t.co/FtuewpoBva",89
0.34,Thu Mar 15 17:30:05 +0000 2018,@BBC,0.0,0.882,0.118,üé®üñºÔ∏è Meet the amazing 84-year-old who‚Äôs never had an art lesson but painted a life-size replica of a Canaletto maste‚Ä¶ https://t.co/X39YxKuxKe,90
0.5214,Thu Mar 15 13:52:24 +0000 2018,@BBC,0.0,0.806,0.194,RT @BBCR1: .@CHVRCHES covering @The1975's 'Somebody Else' in the Live Lounge is so stunning üåπ https://t.co/djNHaPKlLi,91
0.1901,Thu Mar 15 13:00:05 +0000 2018,@BBC,0.0,0.821,0.179,"Tiny cookery. It's like regular cookery, but smaller. https://t.co/9Q0R2CiUVi",92
0.0,Thu Mar 15 12:00:16 +0000 2018,@BBC,0.0,1.0,0.0,"üö¢üéû Stars of the silver screen all at sea. 
üì∏üëâ https://t.co/YJ7PzhblOE https://t.co/PnHxJNmeok",93
-0.4767,Thu Mar 15 10:45:00 +0000 2018,@BBC,0.134,0.866,0.0,"BBC Economics Editor @bbckamal travels back to his old school to talk about real news, and it‚Äôs opposite, fake news‚Ä¶ https://t.co/CAKG8AbVn8",94
-0.1779,Thu Mar 15 10:26:48 +0000 2018,@BBC,0.132,0.766,0.102,RT @BBCr4today: Can you spot fake news? #BBCSchoolReport and John Humphrys are here to help... Play the game üëâ https://t.co/ulq1aviwP9 #r4t‚Ä¶,95
0.0,Thu Mar 15 09:53:48 +0000 2018,@BBC,0.0,1.0,0.0,"RT @BBCR1: The bike is back.
The lycra is BACK.

@GregJames' #Gregathlon for @SportRelief is back on the road to Ben Nevis! Today's challen‚Ä¶",96
0.5411,Thu Mar 15 09:53:11 +0000 2018,@BBC,0.0,0.868,0.132,RT @BBCSpringwatch: üòçüê≠ This adorable little wood mouse hit the jackpot when it came across this larder of tasty hedgehog food! Watch how it‚Ä¶,97
0.0,Thu Mar 15 09:50:25 +0000 2018,@BBC,0.0,1.0,0.0,RT @BBCTwo: üÜï CONFIRMED: The final series of #Episodes starts Friday 30 March on @BBCTwo! @matt_leblanc @stephenmangan üì∫üôå https://t.co/PeBz‚Ä¶,98
0.0,Thu Mar 15 09:00:08 +0000 2018,@BBC,0.0,1.0,0.0,Meet the Maasai woman standing up to female genital mutilation. https://t.co/CWUQB81bUz,99
0.0,Thu Mar 15 08:30:08 +0000 2018,@BBC,0.0,1.0,0.0,"üßÄüêÆ A farm dairy in south west Scotland believes it is leading the way for what it describes as 'ethical' cheese.
üëâ‚Ä¶ https://t.co/VyfVlaVR0u",100
0.7845,Mon Mar 19 21:02:26 +0000 2018,@CBS,0.072,0.619,0.309,"RT @YandR_CBS: Forever evolving, Forever inspiring, Forever Young and Restless. ‚ù§Ô∏è Get ready to celebrate 45 years of #YR starting in just‚Ä¶",1
0.0,Sun Mar 18 23:44:30 +0000 2018,@CBS,0.0,1.0,0.0,New start times in East/Central Time Zones: #60Minutes 7:37ET/6:37CT #Instinct series premiere 8:37ET/7:37CT‚Ä¶ https://t.co/xT3YKqmu2M,2
0.6514,Sun Mar 18 18:05:43 +0000 2018,@CBS,0.0,0.787,0.213,Spend your Sunday streaming Second Round games LIVE with a FREE trial of CBS All Access! https://t.co/3P85rXLy4b https://t.co/zbWfirD9Ju,3
0.1867,Sun Mar 18 17:09:53 +0000 2018,@CBS,0.0,0.92,0.08,"RT @instinctcbs: TONIGHT, Dr. Dylan Reinhart rewrites the book on abnormal behavior. Don't miss the premiere of #Instinct at 8/7c! https://‚Ä¶",4
0.0,Sat Mar 17 19:00:02 +0000 2018,@CBS,0.0,1.0,0.0,"If any duo knows how to rock the stage, it's @FLAGALine. The Vocal Duo Of The Year nominee will perform live at the‚Ä¶ https://t.co/FknabB8NQp",5
0.6166,Sat Mar 17 17:42:43 +0000 2018,@CBS,0.0,0.839,0.161,How is your bracket looking after last night? Stream Second Round games LIVE today with a FREE trial of CBS All Acc‚Ä¶ https://t.co/25JlIpgwog,6
0.7096,Sat Mar 17 14:00:03 +0000 2018,@CBS,0.0,0.753,0.247,Where better to spend #StPatricksDay than the place everybody knows your name? It‚Äôs just your luck that every singl‚Ä¶ https://t.co/Fom5wmdENL,7
0.296,Fri Mar 16 22:53:21 +0000 2018,@CBS,0.0,0.896,0.104,Stars @JakeMcDorman and Nik Dodani will join the cast in the upcoming revival of Murphy Brown coming to CBS.‚Ä¶ https://t.co/JCAx29lo0i,8
0.0,Fri Mar 16 18:15:53 +0000 2018,@CBS,0.0,1.0,0.0,"RT @thegoodfight: Go behind the scenes with costume designer @DanLawsonStyle in ""Behind The Style,"" a new weekly video series all about the‚Ä¶",9
0.6514,Fri Mar 16 16:28:40 +0000 2018,@CBS,0.0,0.822,0.178,The games have just begun! Continue to stream First Round games LIVE today with a FREE trial of CBS All Access:‚Ä¶ https://t.co/YTGsJ48zYP,10
0.7088,Thu Mar 15 17:54:06 +0000 2018,@CBS,0.0,0.763,0.237,"RT @TheTalkCBS: You asked, we answered! The fun never ends when the ladies #KeepTalking and answer your fan questions üó£üí¨‚û°Ô∏è https://t.co/ie1‚Ä¶",11
-0.4939,Thu Mar 15 17:20:26 +0000 2018,@CBS,0.157,0.766,0.077,RT @instinctcbs: Dr. Dylan Reinhart is lured back into the field from his life of quiet academia when a certain serial killer makes things‚Ä¶,12
0.6514,Thu Mar 15 16:42:41 +0000 2018,@CBS,0.0,0.806,0.194,Stream First Round games LIVE today starting at 12PM ET with a FREE trial of CBS All Access! https://t.co/3P85rXLy4b https://t.co/vZow3YD8cb,13
0.6115,Thu Mar 15 14:32:16 +0000 2018,@CBS,0.0,0.734,0.266,RT @CBSSports: It's the most wonderful time of the year. #MarchMadness https://t.co/e4c9qohqSR,14
0.6696,Wed Mar 14 19:30:01 +0000 2018,@CBS,0.0,0.781,0.219,"Give these ladies some love! @Lauren_Alaina, @DBradbery, @carlypearce, and @RaeLynn are nominated for New Female Vo‚Ä¶ https://t.co/IVhwURfJ3S",15
0.3612,Tue Mar 13 18:48:52 +0000 2018,@CBS,0.0,0.857,0.143,"RT @ManWithAPlan: Hungry for more #ManWithAPlan bloopers and behind-the-scenes videos featuring cast like @matt_leblanc, @thelizasnyder, @k‚Ä¶",16
0.539,Tue Mar 13 14:15:10 +0000 2018,@CBS,0.0,0.821,0.179,"Music stars @MileyCyrus, @edsheeran, @ladygaga, and more will honor the legendary @eltonofficial and his hit songs‚Ä¶ https://t.co/UzxARCCLnI",17
0.2244,Mon Mar 12 18:13:28 +0000 2018,@CBS,0.0,0.917,0.083,RT @thegoodfight: The verdict is in. The new season of #TheGoodFight is üî•üî•üî•! Stream it now on CBS All Access: https://t.co/FkYSNSXlRb https‚Ä¶,18
0.0,Mon Mar 12 01:20:43 +0000 2018,@CBS,0.0,1.0,0.0,"RT @MadamSecretary: In less than an hour, #MadamSecretary's Keith Carradine will be taking over the @MadamSecretary Twitter page! Tweet alo‚Ä¶",19
0.4926,Fri Mar 09 22:48:26 +0000 2018,@CBS,0.0,0.883,0.117,RT @DierksBentley: Take and post a photo of the woman in your life who inspires you daily! Use the hashtag #WomanAmenACM in your post for a‚Ä¶,20
0.1275,Fri Mar 09 22:24:20 +0000 2018,@CBS,0.092,0.795,0.113,"RT @MomCBS: If you missed guest star @KChenoweth in the latest episode of #Mom, not to worry! Watch now: https://t.co/RlvXoGOZ0l https://t.‚Ä¶",21
0.4215,Fri Mar 09 21:10:21 +0000 2018,@CBS,0.0,0.823,0.177,"Give a round of applause to @KelseaBallerini, @MirandaLambert, @Reba, @MarenMorris, and @CarrieUnderwood, the five‚Ä¶ https://t.co/Ncp1BTXx6N",22
0.8658,Fri Mar 09 18:27:28 +0000 2018,@CBS,0.0,0.553,0.447,"RT @thegoodfight: Smart, sexy, and sophisticated. See what's coming this season on #TheGoodFight. https://t.co/CuKhx2G50P https://t.co/ygTI‚Ä¶",23
0.0,Fri Mar 09 16:02:27 +0000 2018,@CBS,0.0,1.0,0.0,RT @BlueBloods_CBS: Even stand-up guys fall down sometimes. #BlueBloods is new tonight at 10/9c! https://t.co/UOlDm22wWW,24
0.8625,Thu Mar 08 18:00:49 +0000 2018,@CBS,0.0,0.664,0.336,Today and every day we celebrate the women in our lives who empower and inspire us. Share a story about an¬†influent‚Ä¶ https://t.co/9rVtqrElvT,25
0.4926,Thu Mar 08 17:03:04 +0000 2018,@CBS,0.0,0.868,0.132,Take and post a photo of the woman in your life who inspires you daily! Use the hashtag #WomanAmenACM in your post‚Ä¶ https://t.co/7ShhvE48zy,26
-0.2023,Wed Mar 07 18:39:10 +0000 2018,@CBS,0.23,0.619,0.15,"RT @thegoodfight: Meticulously constructed. Soapy &amp; sexy. Intoxicating, savage television. üî• Here's what critics are saying about #TheGoodF‚Ä¶",27
0.0,Wed Mar 07 17:06:02 +0000 2018,@CBS,0.0,1.0,0.0,"This just in! @Jason_Aldean, @mirandalambert, @LukeBryanOnline, and many more are set to perform at the 53rd Academ‚Ä¶ https://t.co/mfxw2VxzU4",28
0.6705,Tue Mar 06 18:10:59 +0000 2018,@CBS,0.0,0.756,0.244,"Meet the ensemble of talented actors slated to join $1, a new mystery series coming to CBS All Access:‚Ä¶ https://t.co/QoyYv7vxwg",29
0.3818,Mon Mar 05 22:16:43 +0000 2018,@CBS,0.0,0.833,0.167,"Will @Jason_Aldean, @garthbrooks, @LukeBryanOnline, @ChrisStapleton, or @KeithUrban be named Entertainer Of The Yea‚Ä¶ https://t.co/rMD8zjeX3s",30
0.4404,Sun Mar 04 08:05:26 +0000 2018,@CBS,0.0,0.884,0.116,"RT @thegoodfight: It feels good to be back. üë†üíÑüî• The season 2 premiere of #TheGoodFight is now streaming, exclusively on CBS All Access: htt‚Ä¶",31
0.0,Sat Mar 03 20:55:20 +0000 2018,@CBS,0.0,1.0,0.0,"RT @thegoodfight: Tomorrow, #TheGoodFight is back. Stream the season 2 premiere only on CBS All Access: https://t.co/tNFR8LBJO2 https://t.c‚Ä¶",32
0.7096,Fri Mar 02 22:30:01 +0000 2018,@CBS,0.0,0.753,0.247,"Who are the trailblazing women in your life that inspire you? Join CBS and the ANA's #SeeHer initiative, celebratin‚Ä¶ https://t.co/M0KqZ41Bes",33
0.7096,Fri Mar 02 20:30:01 +0000 2018,@CBS,0.0,0.718,0.282,"Join @maria_bello, @aishatyler and @TeaLeoni in celebrating the accomplishments of women who have contributed to th‚Ä¶ https://t.co/MefESBeFL3",34
0.4939,Fri Mar 02 18:45:00 +0000 2018,@CBS,0.0,0.849,0.151,"In honor of Women's History Month, CBS and the Association of National Advertisers' (ANA) #SeeHer initiative will p‚Ä¶ https://t.co/2wtYxKJVuO",35
-0.6981,Thu Mar 01 18:59:01 +0000 2018,@CBS,0.21,0.79,0.0,RT @ZoeListerJones: Tonight‚Äôs an all new Life In Pieces and it‚Äôs directed by my ride or die @nataliaanderson!!!‚Ä¶ https://t.co/2LPfmyLWrY,36
0.4547,Thu Mar 01 18:12:57 +0000 2018,@CBS,0.092,0.749,0.159,"RT @MarenMorris: Hot damn! Woke up from my post-wisdom teeth haze to find out I‚Äôm up for 4 @ACMawards ! So honored, especially for the Dear‚Ä¶",37
0.8591,Thu Mar 01 18:11:50 +0000 2018,@CBS,0.0,0.462,0.538,RT @KelseaBallerini: Ohhhhh goodness. Incredible. Thank you thank you thank you. #female https://t.co/1ZTYjNfQeF,38
0.4885,Thu Mar 01 18:10:50 +0000 2018,@CBS,0.151,0.615,0.234,RT @KeithUrban: ACMs...... HOLY SMOKES!!!!! MAD LOVE TO U ALL THIS MORNING  FOR THESE INCREDIBLE NOMINATIONS. I‚ÄôM EXTREMELY GRATEFUL!!!!!!!‚Ä¶,39
0.5994,Thu Mar 01 14:36:21 +0000 2018,@CBS,0.0,0.822,0.178,"RT @ACMawards: Congratulations to this year‚Äôs #ACMawards Video of the Year nominees:
‚ÄúBlack‚Äù - @DierksBentley
‚ÄúIt Ain‚Äôt My Fault‚Äù - @Brothe‚Ä¶",40
0.7717,Thu Mar 01 14:29:20 +0000 2018,@CBS,0.0,0.675,0.325,"RT @ACMawards: Please give a round of applause to this year‚Äôs #ACMawards Entertainer of the Year nominees: @Jason_Aldean, @GarthBrooks, @Lu‚Ä¶",41
0.6908,Thu Mar 01 14:15:29 +0000 2018,@CBS,0.0,0.725,0.275,".@ChrisStapleton, @ThomasRhett, @mirandalambert and more are all nominated for awards at Country Music's Party of t‚Ä¶ https://t.co/Vm1vXRUDYJ",42
0.0,Thu Mar 01 13:50:11 +0000 2018,@CBS,0.0,1.0,0.0,"The Queen of Country, @Reba, is returning to host the 53rd #ACMawards on Sunday, April 15 at 8/7c. Here are a few o‚Ä¶ https://t.co/Iqzz6Gql01",43
0.0,Thu Mar 01 01:04:52 +0000 2018,@CBS,0.0,1.0,0.0,RT @survivorcbs: It‚Äôs time! #Survivor https://t.co/YPk6cGWrUA,44
0.0,Wed Feb 28 19:56:58 +0000 2018,@CBS,0.0,1.0,0.0,"RT @CBSThisMorning: TOMORROW: The nominees for the 2018 @ACMawards will be announced live by the one-and-only, @Reba! 

Watch on @CBS in ou‚Ä¶",45
0.4404,Wed Feb 28 19:08:30 +0000 2018,@CBS,0.0,0.884,0.116,"RT @thegoodfight: From the set design and costumes to hair and makeup, the production quality is truly next-level. Take a peek inside the u‚Ä¶",46
0.5562,Tue Feb 27 03:23:47 +0000 2018,@CBS,0.0,0.848,0.152,RT @LivinBiblically: The fun continues on Facebook! The #LivingBiblically cast is live to talk about tonight‚Äôs premiere. Tune in here: http‚Ä¶,47
0.0,Mon Feb 26 22:50:32 +0000 2018,@CBS,0.0,1.0,0.0,"RT @KevinCanWaitCBS: Can you get all the way through these #KevinCanWait bloopers without laughing?! @KevinJames,@LeahRemini and the rest o‚Ä¶",48
0.0,Mon Feb 26 21:08:30 +0000 2018,@CBS,0.0,1.0,0.0,"RT @ACMawards: That‚Äôs right! @Reba is headed to @CBSThisMorning on Thursday, March 1 to announce this year‚Äôs #ACMAwards' nominees. Tune in‚Ä¶",49
0.4482,Mon Feb 26 19:53:41 +0000 2018,@CBS,0.0,0.895,0.105,"RT @ScorpionCBS: You can't hack your way to a 197 IQ, but you are well on your way with these Genius Facts from #TeamScorpion! üíª You can be‚Ä¶",50
0.784,Mon Feb 26 18:32:36 +0000 2018,@CBS,0.0,0.734,0.266,RT @SuperiorDonuts: You can always count on @DavidKoechner for a laugh! Did your favorite Tush moment make the list? Catch a new #SuperiorD‚Ä¶,51
0.9359,Mon Feb 26 18:20:16 +0000 2018,@CBS,0.0,0.571,0.429,RT @TheTalkCBS: TODAY: We loved them together then &amp; we love seeing them together now! Welcome back to the show @THESaraGilbert‚Äã's good fri‚Ä¶,52
-0.5423,Mon Feb 26 16:53:56 +0000 2018,@CBS,0.184,0.816,0.0,"RT @thegoodfight: As foundations begin to crumble, our characters struggle to make sense of this new dystopian world. The cast teases what'‚Ä¶",53
0.0,Mon Feb 26 16:52:01 +0000 2018,@CBS,0.0,1.0,0.0,"#LivingBiblically's @linzkraft and @jrfergjr appeared on @KCBS's Facebook Live this morning, talking all about what‚Ä¶ https://t.co/4RebcHuuMQ",54
0.0,Mon Feb 26 16:17:55 +0000 2018,@CBS,0.0,1.0,0.0,"RT @CBSSports: Introducing CBS Sports HQ, a New 24/7 Direct-to-Consumer Streaming Network for Sports News, Highlights, &amp; Analysis.

Stream‚Ä¶",55
0.7644,Mon Feb 26 01:12:32 +0000 2018,@CBS,0.0,0.769,0.231,"RT @CBSBigBrother: It‚Äôs down to the final 5 celebrity Houseguests, and anyone could take home the grand prize! Tune in NOW to watch the #BB‚Ä¶",56
0.0,Sun Feb 25 21:51:32 +0000 2018,@CBS,0.0,1.0,0.0,RT @startrekcbs: Binge the entire first season of #StarTrekDiscovery. All episodes now streaming exclusively on CBS All Access: https://t.c‚Ä¶,57
0.0,Sun Feb 25 21:51:22 +0000 2018,@CBS,0.0,1.0,0.0,"RT @thegoodfight: #TheGoodFight returns in 1 week. Season 2 premieres Sunday, March 4. https://t.co/nomCao1GWp https://t.co/BOn6bOe9Tb",58
0.5093,Fri Feb 23 18:15:40 +0000 2018,@CBS,0.0,0.845,0.155,RT @thegoodfight: This is our new favorite thing. Christine Baranski debuted #TheGoodFight the Musical on @colbertlateshow last night! üéµüé§‚Ä¶,59
0.0,Thu Feb 22 19:26:52 +0000 2018,@CBS,0.0,1.0,0.0,"RT @LivinBiblically: Confession time: have YOU ever hit the ""close door"" button in an elevator while somebody was approaching? The cast of‚Ä¶",60
0.0,Wed Feb 21 19:20:04 +0000 2018,@CBS,0.0,1.0,0.0,RT @CBSEyeSpeak: Mark your calendars! #CBSEyeSpeak kicks off March 14 with The EYE Speak Summit. Follow our page for more details! https://‚Ä¶,61
0.6808,Wed Feb 21 18:19:25 +0000 2018,@CBS,0.0,0.752,0.248,"RT @CBSEyeSpeak: Proud to announce a new CBS initiative, promoting female empowerment and developing the next generation of leaders through‚Ä¶",62
0.4404,Tue Feb 20 19:55:19 +0000 2018,@CBS,0.0,0.884,0.116,"RT @LivinBiblically: When you're living by the Bible, it's good to have a priest and a rabbi on call (provided they answer their phones, th‚Ä¶",63
-0.4019,Tue Feb 20 17:58:18 +0000 2018,@CBS,0.119,0.881,0.0,"RT @thegoodfight: Chicago lawyers are being hunted and the world is going insane. 

The new season of #TheGoodFight premieres Sunday, March‚Ä¶",64
0.3612,Tue Feb 20 17:39:51 +0000 2018,@CBS,0.0,0.872,0.128,Ready for some larger than life competition? This new series from @MarkBurnettTV will premiere in summer 2018.‚Ä¶ https://t.co/gDXHLdIJ5v,65
0.6124,Sat Feb 17 01:07:20 +0000 2018,@CBS,0.0,0.773,0.227,"With tournament dreams on the line, make sure to stream these college basketball matchups on CBS All Access:‚Ä¶ https://t.co/SGkYUZrQWB",66
0.3182,Fri Feb 16 18:42:43 +0000 2018,@CBS,0.0,0.892,0.108,"RT @LivinBiblically: While Chip's sticking to the Bible's original rules, the cast of #LivingBiblically has given them a more modern makeov‚Ä¶",67
0.68,Fri Feb 16 17:48:20 +0000 2018,@CBS,0.0,0.752,0.248,"Casting News! Peter Mark Kendall, Michael Gaston, Greg Wise, Rade ≈†erbed≈æija, Zack Pearlman, and Keye Chen join the‚Ä¶ https://t.co/GFob2KrD8H",68
0.8619,Wed Feb 14 19:23:27 +0000 2018,@CBS,0.0,0.534,0.466,RT @BullCBS: The verdict is in...#Bull is the perfect Valentine! ‚ù§Ô∏è Happy #ValentinesDay! https://t.co/poEejI4AnC,69
0.0,Tue Feb 13 20:03:56 +0000 2018,@CBS,0.0,1.0,0.0,"RT @NoActivityCBS: Car 27 reporting: Season 2 of #NoActivity coming soon!

Binge season one now on CBS All Access: https://t.co/yvxoQMeyhN‚Ä¶",70
0.7506,Tue Feb 13 18:54:52 +0000 2018,@CBS,0.0,0.748,0.252,"RT @LivinBiblically: Against all odds (and the advice of his God Squad), Chip is determined to live life by the Good Book. Think you could‚Ä¶",71
0.0,Mon Feb 12 18:49:45 +0000 2018,@CBS,0.0,1.0,0.0,RT @thegoodfight: Christine Baranski reflects upon the spectacular metamorphosis of her character in #TheGoodFight's first season. Revisit‚Ä¶,72
0.0,Mon Feb 12 01:32:33 +0000 2018,@CBS,0.0,1.0,0.0,RT @startrekcbs: Binge the entire first season of #StarTrekDiscovery. All 15 episodes now streaming on CBS All Access: https://t.co/lKLaptP‚Ä¶,73
0.8478,Fri Feb 09 00:50:01 +0000 2018,@CBS,0.0,0.696,0.304,RT @SuperiorDonuts: Looking for a #Valentine? Tush is here to help you land your dream date just in time for the day of love! #SuperiorDonu‚Ä¶,74
-0.5859,Thu Feb 08 16:09:35 +0000 2018,@CBS,0.186,0.814,0.0,RT @CBSBigBrother: The pressure is on as the Houseguests battle each other for victory in the first HOH competition. Stream the season prem‚Ä¶,75
0.0516,Wed Feb 07 18:35:19 +0000 2018,@CBS,0.0,0.934,0.066,"RT @startrekcbs: Sunday, this season's epic journey reaches its final reckoning. Catch up before the season finale: https://t.co/4Ea5wpmAep‚Ä¶",76
0.5574,Wed Feb 07 16:17:48 +0000 2018,@CBS,0.152,0.536,0.312,"Are you a sucker for jaw-dropping talent competitions? Announcing The World's Best, a first-of-its-kind new global‚Ä¶ https://t.co/fagCMklm2Z",77
0.0,Tue Feb 06 22:21:39 +0000 2018,@CBS,0.0,1.0,0.0,"RT @BullCBS: Tonight, one of these 3 TAC employees will end up incarcerated. Who do you think it will be? Tune into a new episode of #Bull‚Ä¶",78
0.0772,Tue Feb 06 17:05:49 +0000 2018,@CBS,0.106,0.773,0.121,"RT @thegoodfight: There's no season like lawyer season. #TheGoodFight returns March 4, exclusively on CBS All Access. https://t.co/XAlrg1nB‚Ä¶",79
0.0,Sun Feb 04 15:35:36 +0000 2018,@CBS,0.0,1.0,0.0,"RT @thegoodfight: The acclaimed series returns in 1 month. #TheGoodFight is back Sunday, March 4. https://t.co/5BNLTYRd8p https://t.co/yInP‚Ä¶",80
0.1531,Sun Feb 04 12:00:01 +0000 2018,@CBS,0.0,0.882,0.118,".@KeshaRose's emotional performance with @CyndiLauper, @AndraDayMusic, @BebeRexha and @Camila_Cabello brought the a‚Ä¶ https://t.co/qpgS2e9ir0",81
0.0,Sat Feb 03 23:11:43 +0000 2018,@CBS,0.0,1.0,0.0,Broadway legend Patti LuPone paid tribute to Sir Andrew Lloyd Webber with a show-stopping rendition of the iconic s‚Ä¶ https://t.co/GxqLtUzhFP,82
0.8268,Sat Feb 03 12:00:07 +0000 2018,@CBS,0.0,0.662,0.338,"Relive an entire night's worth of big wins, live performances and many more inspiring moments from The 60th Annual‚Ä¶ https://t.co/CH7mJ4Y3QT",83
-0.0772,Fri Feb 02 22:36:13 +0000 2018,@CBS,0.075,0.925,0.0,RT @swatcbs: ‚ú®@TheTalkCBS' @TheRealEve and @ShemarMoore brought some serious heat to the GRAMMYs red carpet: https://t.co/WYTITKkLQd https:‚Ä¶,84
0.4019,Fri Feb 02 20:07:40 +0000 2018,@CBS,0.0,0.856,0.144,"The all-star collaboration between @Rihanna, @DJKhaled and @brysontiller brought the party to the #GRAMMYs with a s‚Ä¶ https://t.co/jTv5QbtgUp",85
0.4003,Fri Feb 02 19:03:33 +0000 2018,@CBS,0.0,0.876,0.124,RT @TheTalkCBS: All the #redcarpet looks from the 60th annual #GRAMMYs! Did you catch @TheRealEve's sparkly two-piece suit? Diamond accents‚Ä¶,86
0.6114,Fri Feb 02 17:23:18 +0000 2018,@CBS,0.0,0.834,0.166,Go backstage with the celebs and see which stars celebrated the big night together! Here are the moments you missed‚Ä¶ https://t.co/rgQTXRQyLg,87
0.0,Thu Feb 01 22:04:41 +0000 2018,@CBS,0.0,1.0,0.0,üé∂ @DearEvanHansen star Ben Platt gave a soaring performance of a classic Broadway hit. Watch him perform 'Somewhere‚Ä¶ https://t.co/HcuizFWo02,88
0.0,Thu Feb 01 20:09:49 +0000 2018,@CBS,0.0,1.0,0.0,"üé∏ @LittleBigTown, @U2, @BrunoMars and @Pink are just a few of the superstar performers that lit up the stage at The‚Ä¶ https://t.co/2v0MNYMItG",89
0.1139,Wed Jan 31 21:42:15 +0000 2018,@CBS,0.0,0.912,0.088,"Don't miss country stars Emmylou Harris and @ChrisStapleton perform a moving rendition of @TomPetty's classic song,‚Ä¶ https://t.co/GxoIW97XIu",90
0.1007,Wed Jan 31 17:05:47 +0000 2018,@CBS,0.115,0.75,0.135,RT @survivorcbs: Get excited! üôå It‚Äôs finally time to meet the castaways of #Survivor: Ghost Island ‚ò† https://t.co/xQQ8ROhKbM https://t.co/P‚Ä¶,91
0.4588,Wed Jan 31 16:37:17 +0000 2018,@CBS,0.0,0.812,0.188,"Country stars @EricChurch, @BrothersOsborne and @MarenMorris performed a touching tribute dedicated to the victims‚Ä¶ https://t.co/YCIq9i70fd",92
0.1779,Wed Jan 31 06:55:30 +0000 2018,@CBS,0.095,0.779,0.126,Missed the Man vs. Beast #SuperBowlCommercials showdown? Catch up now to find out which entertaining ad was named t‚Ä¶ https://t.co/SlyO0n7yMX,93
-0.2263,Wed Jan 31 02:15:16 +0000 2018,@CBS,0.252,0.569,0.179,"RT @rikimae: Ok, that one makes me cry #superbowlcommercials",94
-0.4767,Wed Jan 31 01:58:40 +0000 2018,@CBS,0.256,0.744,0.0,"If this doesn‚Äôt make you cry, nothing will. #SuperBowlCommercials https://t.co/UjFf3xr4so",95
0.4939,Wed Jan 31 01:52:46 +0000 2018,@CBS,0.119,0.625,0.256,"RT @maverickkr: #superbowlcommercials the frogs were great, I'd forgotten about that one.",96
0.5093,Wed Jan 31 01:49:43 +0000 2018,@CBS,0.0,0.81,0.19,"If you haven't voted yet, it's not too late! Choose your favorite here: https://t.co/s4pEIF5IX8‚Ä¶ https://t.co/VCa1YHDyYy",97
0.8261,Wed Jan 31 01:31:27 +0000 2018,@CBS,0.0,0.566,0.434,RT @5691e44f3b66446: I am having so much fun ...the commercials are awesome #superbowlcommercials,98
0.8309,Wed Jan 31 01:29:10 +0000 2018,@CBS,0.0,0.586,0.414,RT @LittleShelbyMae: Love watching the #superbowlcommercials all the animal ones are my favorite!!,99
0.6588,Wed Jan 31 01:24:16 +0000 2018,@CBS,0.0,0.614,0.386,RT @PatHale915: Doritos time machine was great!   #superbowlcommercials,100
-0.7269,Mon Mar 19 23:23:40 +0000 2018,@CNN,0.276,0.724,0.0,"The Cambridge Analytica scandal has done immense damage to the Facebook brand, sources across the company believe‚Ä¶ https://t.co/k32dEHDbfS",1
0.7772,Mon Mar 19 23:21:23 +0000 2018,@CNN,0.0,0.715,0.285,RT @TheLeadCNN: We're celebrating 5 years of #TheLead with @jaketapper! Thank you to all of our viewers for watching! üì∫ https://t.co/3NmZOk‚Ä¶,2
0.25,Mon Mar 19 23:20:00 +0000 2018,@CNN,0.0,0.905,0.095,"Trump lawyer Michael Cohen jokes about Stormy Daniels, saying he might take ""an extended vacation on her dime""; A l‚Ä¶ https://t.co/pTf3j0iLUk",3
0.0,Mon Mar 19 23:10:06 +0000 2018,@CNN,0.0,1.0,0.0,"With just days before a potential shutdown, negotiations continue on a must-pass spending bill‚Ä¶ https://t.co/qmINUShnrI",4
-0.4019,Mon Mar 19 23:07:04 +0000 2018,@CNN,0.184,0.816,0.0,"An anti-abortion, conservative Democrat fights for survival in the Illinois primary https://t.co/IsSkwVA69D https://t.co/3Nv9Gdt00P",5
0.0,Mon Mar 19 23:01:07 +0000 2018,@CNN,0.0,1.0,0.0,What you need to know about Facebook's data debacle https://t.co/ngPqheWSSq https://t.co/G7X2Inay7b,6
0.8176,Mon Mar 19 22:58:04 +0000 2018,@CNN,0.0,0.653,0.347,The Supreme Court just gave Democrats a much better chance of retaking the House in 2018 | Analysis by @CillizzaCNN‚Ä¶ https://t.co/ENTEP3LgMq,7
-0.2023,Mon Mar 19 22:53:04 +0000 2018,@CNN,0.17,0.744,0.086,"Republicans are bluntly warning President Trump to lay off his attacks on special counsel Robert Mueller, but there‚Ä¶ https://t.co/lBBpwb5d1E",8
0.4019,Mon Mar 19 22:45:47 +0000 2018,@CNN,0.0,0.863,0.137,President Trump's lawyers recently provided the special counsel's office with documents in an attempt to limit the‚Ä¶ https://t.co/hvD3zJposE,9
-0.5574,Mon Mar 19 22:43:20 +0000 2018,@CNN,0.153,0.847,0.0,"Senator Warner says it was ""more than a little bit fishy"" that former FBI Deputy Director Andrew McCabe was fired 3‚Ä¶ https://t.co/ZD7Fqa0RWu",10
-0.128,Mon Mar 19 22:40:07 +0000 2018,@CNN,0.1,0.776,0.123,RT @CNNSitRoom: Facebook is under intense pressure to answer questions after it admitted that a company linked to President Trump's campaig‚Ä¶,11
-0.0772,Mon Mar 19 22:39:29 +0000 2018,@CNN,0.127,0.759,0.114,Rep. Adam Schiff on Trump attacking special counsel Robert Mueller on Twitter: The President seems to be testing th‚Ä¶ https://t.co/fkEcFAG4M8,12
-0.1263,Mon Mar 19 22:35:27 +0000 2018,@CNN,0.109,0.8,0.091,"RT @TheLeadCNN: ""What you have is like the ‚ÄòSurvivor‚Äô meets ‚ÄòThe Apprentice‚Äô meets ‚ÄòGame of Thrones.‚Äô It is the most insane scenario ... th‚Ä¶",13
0.497,Mon Mar 19 22:34:14 +0000 2018,@CNN,0.0,0.81,0.19,"Sen. Jeanne Shaheen: If President Trump has nothing to hide, then he should be interested in seeing this investigat‚Ä¶ https://t.co/CwcznrIfm2",14
0.296,Mon Mar 19 22:32:12 +0000 2018,@CNN,0.138,0.625,0.237,Sen. Jeanne Shaheen: I‚Äôve been disappointed more Republican lawmakers aren‚Äôt speaking out to protect special counse‚Ä¶ https://t.co/FQIXvLkvWF,15
0.296,Mon Mar 19 22:29:39 +0000 2018,@CNN,0.138,0.625,0.237,Sen. Jeanne Shaheen: I‚Äôve been disappointed more Republican lawmakers aren‚Äôt speaking out to protect special counse‚Ä¶ https://t.co/4XVMG61Kt0,16
-0.7239,Mon Mar 19 22:27:31 +0000 2018,@CNN,0.275,0.725,0.0,"""[Trump] has been extremely consistent. He hates this investigation,"" and ""he is scared of this investigation."" - T‚Ä¶ https://t.co/DzZka7zHAD",17
0.1761,Mon Mar 19 22:18:00 +0000 2018,@CNN,0.128,0.717,0.155,"RT @TheLeadCNN: Austin, Texas authorities say the 4th bomb that went off overnight is the most sophisticated yet https://t.co/uqdA06osou ht‚Ä¶",18
0.4939,Mon Mar 19 22:16:07 +0000 2018,@CNN,0.0,0.849,0.151,"US President Trump has yet to congratulate Russian President Vladimir Putin on his election, and a phone call betwe‚Ä¶ https://t.co/WclI7Tljht",19
-0.7769,Mon Mar 19 22:11:33 +0000 2018,@CNN,0.285,0.715,0.0,Uber has removed its self-driving cars from the road after a self-driving Uber SUV struck and killed a pedestrian i‚Ä¶ https://t.co/gODSZocjLN,20
-0.7759,Mon Mar 19 22:06:46 +0000 2018,@CNN,0.285,0.715,0.0,"Authorities are speaking in Tempe, Arizona, about the self-driving Uber SUV that struck and killed a woman. Watch o‚Ä¶ https://t.co/2WJR68WqSC",21
-0.8316,Mon Mar 19 22:06:04 +0000 2018,@CNN,0.281,0.719,0.0,At least four people have died following head-on crashes in Hyundai and Kia cars in which the airbags did not deplo‚Ä¶ https://t.co/NYc6ZPBVDp,22
-0.3182,Mon Mar 19 22:00:05 +0000 2018,@CNN,0.108,0.892,0.0,"The Turpin siblings, allegedly tortured for years by their parents, are out of hospitals but still regularly in tou‚Ä¶ https://t.co/KyDF93PMYn",23
0.7684,Mon Mar 19 21:57:24 +0000 2018,@CNN,0.0,0.741,0.259,The Federal Reserve is all but certain to lift interest rates when Jerome Powell leads his first meeting as chairma‚Ä¶ https://t.co/HIQRM5w4Bx,24
0.5994,Mon Mar 19 21:56:26 +0000 2018,@CNN,0.0,0.795,0.205,Opponents of abortion will come to the Supreme Court on Tuesday to challenge a California law they say is an uncons‚Ä¶ https://t.co/3m0Rs9PvG4,25
-0.6249,Mon Mar 19 21:55:37 +0000 2018,@CNN,0.194,0.806,0.0,Facebook sinks nearly 7% as the user data controversy sparks the company's worst day in four years.‚Ä¶ https://t.co/uAmoZ6NeSv,26
0.8204,Mon Mar 19 21:21:45 +0000 2018,@CNN,0.0,0.665,0.335,"Lin-Manuel Miranda and Ben Platt, two of Broadway's most popular voices, join forces for a song to benefit March Fo‚Ä¶ https://t.co/Elnp81GDIl",27
-0.8442,Mon Mar 19 21:14:02 +0000 2018,@CNN,0.336,0.664,0.0,"""We can't execute our way out of this epidemic"": President Trump's proposal to impose the death penalty on drug tra‚Ä¶ https://t.co/ZfqIlAFlN4",28
0.0772,Mon Mar 19 21:08:33 +0000 2018,@CNN,0.0,0.936,0.064,Mississippi Gov. Phil Bryant has signed into law a bill that prevents women from getting abortions after 15 weeks o‚Ä¶ https://t.co/rgTyLZc5Y4,29
0.34,Mon Mar 19 20:58:07 +0000 2018,@CNN,0.0,0.882,0.118,"Facebook's value plunges $37 billion on news that data firm Cambridge Analytica, which had ties to Trump's campaign‚Ä¶ https://t.co/28hLoRGydA",30
0.6369,Mon Mar 19 20:52:04 +0000 2018,@CNN,0.0,0.729,0.271,1 sentence that explains the wacky and super dysfunctional world of Donald Trump | Analysis by @CillizzaCNN‚Ä¶ https://t.co/IzXZIlCluO,31
0.4215,Mon Mar 19 20:41:26 +0000 2018,@CNN,0.0,0.865,0.135,A member of Congress has extended an opportunity for former FBI deputy director Andrew McCabe to continue working i‚Ä¶ https://t.co/lab9t9ApWC,32
-0.4404,Mon Mar 19 20:33:04 +0000 2018,@CNN,0.139,0.861,0.0,Democratic Rep. Tom Suozzi is facing criticism after comments he made last week were interpreted as a suggestion of‚Ä¶ https://t.co/xLoJTQaweT,33
-0.6249,Mon Mar 19 20:30:51 +0000 2018,@CNN,0.215,0.785,0.0,The Dow drops 336 points as Facebook has its worst day in four years https://t.co/tritlMlisj https://t.co/UWnMhHktFw,34
-0.4404,Mon Mar 19 20:23:21 +0000 2018,@CNN,0.132,0.868,0.0,"Time's Up, the female-led organization formed in the aftermath of the Harvey Weinstein scandal, has called for an i‚Ä¶ https://t.co/2NoqT04pRF",35
-0.6369,Mon Mar 19 20:19:18 +0000 2018,@CNN,0.215,0.785,0.0,"Lena Dunham talks about the ""ups and downs"" of life after having a hysterectomy due to her painful struggle with en‚Ä¶ https://t.co/LaQ1Rjgypz",36
0.0,Mon Mar 19 20:11:31 +0000 2018,@CNN,0.0,1.0,0.0,"Representatives of North Korea, South Korea and the US are set to meet in Finland https://t.co/Z7nMAv39iR https://t.co/LtP275u89K",37
0.0,Mon Mar 19 20:09:49 +0000 2018,@CNN,0.0,1.0,0.0,"RT @CNNnewsroom: ""Donald Trump's tweets contain multitudes and usually multitudes of things that aren't accurate"" - CNN's Chris Cillizza re‚Ä¶",38
-0.296,Mon Mar 19 20:00:49 +0000 2018,@CNN,0.238,0.615,0.148,The Supreme Court has denied a request from Pennsylvania Republicans to block new congressional maps that could til‚Ä¶ https://t.co/BsCfRZSkY7,39
0.296,Mon Mar 19 19:54:57 +0000 2018,@CNN,0.0,0.833,0.167,Sweden helping negotiate release of Americans held in North Korea https://t.co/TlH5k0D4gN https://t.co/GRlNWV23Rw,40
0.0,Mon Mar 19 19:43:32 +0000 2018,@CNN,0.0,1.0,0.0,"President Donald Trump announced that his administration will push a ""large-scale"" ad campaign aimed at combating t‚Ä¶ https://t.co/jzMkmjU6MA",41
0.2732,Mon Mar 19 19:33:04 +0000 2018,@CNN,0.0,0.905,0.095,Cambridge Analytica has agreed to a digital forensic audit of its servers and systems in an attempt to show that it‚Ä¶ https://t.co/RvHxunH1b8,42
0.0,Mon Mar 19 19:25:57 +0000 2018,@CNN,0.0,1.0,0.0,"It's official: ""Sex and the City"" star Cynthia Nixon has announced that she is officially throwing her hat in the N‚Ä¶ https://t.co/q9yji208A1",43
-0.0516,Mon Mar 19 19:23:29 +0000 2018,@CNN,0.116,0.776,0.108,Passengers within two seats or one row of someone with a respiratory illness have an 80% or greater possibility of‚Ä¶ https://t.co/DRFyRwJ3xV,44
-0.3818,Mon Mar 19 19:21:34 +0000 2018,@CNN,0.136,0.808,0.056,"Pres. Trump: ""We're also taking action to prevent addiction by addressing the problem of over-prescribing, and our‚Ä¶ https://t.co/fteSO5nggE",45
0.0,Mon Mar 19 19:15:59 +0000 2018,@CNN,0.0,1.0,0.0,Companies use fingerprints and digital behavior to ID employees https://t.co/GBgYHvVE9B https://t.co/bI7BQTIlvt,46
0.0,Mon Mar 19 19:05:19 +0000 2018,@CNN,0.0,1.0,0.0,"RT @CNNPolitics: Trump announces an anti-opioid commercial campaign directed at children: ‚ÄúIt‚Äôs the least expensive thing we can do, where‚Ä¶",47
-0.1513,Mon Mar 19 19:04:42 +0000 2018,@CNN,0.163,0.707,0.13,"Expect more trouble from Putin after the election, says CNN's National Security Analyst | @CNNOpinion‚Ä¶ https://t.co/2GQ3lphWNX",48
-0.4404,Mon Mar 19 19:03:19 +0000 2018,@CNN,0.127,0.873,0.0,"President Trump: ""I'm repeating my call on Congress to block funds for sanctuary cities and to close the deadly loo‚Ä¶ https://t.co/sRwiXeqrBU",49
0.4019,Mon Mar 19 18:59:51 +0000 2018,@CNN,0.0,0.881,0.119,"President Trump: The Southern US border must be secured; ""The second part of our initiative is to reduce the supply‚Ä¶ https://t.co/dMoENUJP5U",50
0.1791,Mon Mar 19 18:52:41 +0000 2018,@CNN,0.0,0.881,0.119,"President Trump: ""We can have all the blue-ribbon committees we want, but if we don't get tough on the drug dealers‚Ä¶ https://t.co/wry6l9yIi9",51
0.0,Mon Mar 19 18:50:06 +0000 2018,@CNN,0.0,1.0,0.0,96-year-old style icon Iris Apfel has become the oldest person ever to be immortalized as a Barbie doll‚Ä¶ https://t.co/UAUsJaRrtM,52
0.0,Mon Mar 19 18:40:49 +0000 2018,@CNN,0.0,1.0,0.0,"President Trump speaks at a New Hampshire event. https://t.co/MEQA7aPK8y

Watch CNN: https://t.co/UYpqI3w42L 

Watc‚Ä¶ https://t.co/LeVAA7Xsd5",53
0.1027,Mon Mar 19 18:40:04 +0000 2018,@CNN,0.1,0.783,0.117,Miami Heat star @DwyaneWade on his efforts to support Florida school shooting victims and survivors: ‚ÄúI do more tha‚Ä¶ https://t.co/WwH4iyXH7L,54
0.25,Mon Mar 19 18:35:08 +0000 2018,@CNN,0.0,0.889,0.111,President Trump has signed an executive order banning US citizens from buying Venezuela's newly created cryptocurre‚Ä¶ https://t.co/b5Y2IsH4LH,55
-0.6249,Mon Mar 19 18:34:44 +0000 2018,@CNN,0.177,0.823,0.0,President Trump and Melania Trump are making remarks in New Hampshire on combatting the opioid crisis. Watch on Fac‚Ä¶ https://t.co/A4oFKR403E,56
0.0,Mon Mar 19 18:30:04 +0000 2018,@CNN,0.0,1.0,0.0,What you need to know about Facebook's data debacle https://t.co/6qgcwcQMNO https://t.co/JiIf44mBHU,57
0.2263,Mon Mar 19 18:20:05 +0000 2018,@CNN,0.0,0.905,0.095,"Mark Zuckerberg's net worth dropped $5 billion following news that data firm Cambridge Analytica, which had ties to‚Ä¶ https://t.co/9AD7ms4uAi",58
0.4019,Mon Mar 19 18:10:04 +0000 2018,@CNN,0.0,0.837,0.163,President Trump will hire an attorney to join his personal legal team who has alleged the President is being framed‚Ä¶ https://t.co/HVrnkUFv20,59
0.3612,Mon Mar 19 18:00:11 +0000 2018,@CNN,0.056,0.823,0.121,Two things can -- and likely are -- true about the possibility of President Trump facing a serious primary in 2020.‚Ä¶ https://t.co/jKMflOlz70,60
-0.8126,Mon Mar 19 17:50:27 +0000 2018,@CNN,0.33,0.67,0.0,"""President Trump is acting guilty as hell going after Mueller,"" says Democratic Sen. Chris Van Hollen‚Ä¶ https://t.co/tTx9TcCVAI",61
-0.7769,Mon Mar 19 17:43:44 +0000 2018,@CNN,0.274,0.726,0.0,JUST IN: Uber has removed its self-driving cars from the road after a self-driving Uber SUV struck and killed a ped‚Ä¶ https://t.co/RMoFwN2CC9,62
-0.765,Mon Mar 19 17:40:33 +0000 2018,@CNN,0.423,0.577,0.0,SXSW bomb threat forces cancellation of The Roots concert https://t.co/kCbOVNUTIP https://t.co/od0545Ux4H,63
0.0,Mon Mar 19 17:30:05 +0000 2018,@CNN,0.0,1.0,0.0,"Fred Meyer stores will phase out all sales of guns and ammunition, according to its parent company, Kroger‚Ä¶ https://t.co/r10zEcALBk",64
-0.5574,Mon Mar 19 17:20:41 +0000 2018,@CNN,0.184,0.816,0.0,"A massive bushfire has engulfed a small town in southeastern Australia, destroying more than 100 buildings and forc‚Ä¶ https://t.co/uDbVlgR2eP",65
0.0,Mon Mar 19 17:10:07 +0000 2018,@CNN,0.0,1.0,0.0,The data scientist who gathered info on millions of Facebook users for a firm tied to Trump's campaign says he'd be‚Ä¶ https://t.co/s1PD8fpOMA,66
0.4019,Mon Mar 19 17:00:09 +0000 2018,@CNN,0.0,0.87,0.13,Special counsel Robert Mueller has provided lawyers for President Trump a list of questions as part of ongoing nego‚Ä¶ https://t.co/rYDHFMp47A,67
0.0,Mon Mar 19 16:50:07 +0000 2018,@CNN,0.0,1.0,0.0,A real estate investment startup co-founded by Jared Kushner skirted New York City laws and earned his company more‚Ä¶ https://t.co/uPe1LLXUlR,68
-0.7906,Mon Mar 19 16:40:07 +0000 2018,@CNN,0.292,0.708,0.0,A 9-year-old boy shot and killed his 13-year-old sister after they got into an argument over a video game controlle‚Ä¶ https://t.co/M9RVwVatyC,69
-0.683,Mon Mar 19 16:38:29 +0000 2018,@CNN,0.292,0.584,0.123,"RT @CNNweather: The severe storm risk has been UPGRADED to MODERATE meaning significant tornadoes, very large hail, and damaging winds are‚Ä¶",70
-0.5574,Mon Mar 19 16:30:23 +0000 2018,@CNN,0.194,0.806,0.0,"A Cirque du Soleil performer died Saturday night after he fell during a performance in Tampa, Florida‚Ä¶ https://t.co/0nYTl5bCzn",71
0.4404,Mon Mar 19 16:22:46 +0000 2018,@CNN,0.0,0.854,0.146,"Every job is safe in the White House ‚Äî until it's not, writes Alice Stewart for @CNNOpinion https://t.co/hNeFFq6UZT https://t.co/Nwfe8JYnUy",72
-0.1689,Mon Mar 19 16:11:14 +0000 2018,@CNN,0.094,0.906,0.0,"In 1999, there were more than 2 million pay phones across America. 100,000 are left today. https://t.co/eJgOJtrM3c https://t.co/8bKq0lDY04",73
0.25,Mon Mar 19 16:00:30 +0000 2018,@CNN,0.212,0.481,0.308,9/11 hero who saved hundreds dies of cancer at age 45 https://t.co/867SmwNNsE https://t.co/poyiJf663n,74
0.0,Mon Mar 19 15:50:09 +0000 2018,@CNN,0.0,1.0,0.0,"""I do more than dribble"": Miami Heat star Dwyane Wade defends his activism in the wake of the Florida school shooti‚Ä¶ https://t.co/t92E3SLVOR",75
-0.7269,Mon Mar 19 15:40:12 +0000 2018,@CNN,0.276,0.724,0.0,"The Cambridge Analytica scandal has done immense damage to the Facebook brand, sources across the company believe‚Ä¶ https://t.co/SB81VqUcwE",76
0.4215,Mon Mar 19 15:30:06 +0000 2018,@CNN,0.098,0.732,0.171,President Trump may not be able to fire Robert Mueller. So he's doing the next best thing. | Analysis by‚Ä¶ https://t.co/D51NhkBqPk,77
0.4019,Mon Mar 19 15:18:36 +0000 2018,@CNN,0.0,0.881,0.119,Austin Police Chief Brian Manley: ‚ÄúWe are clearly dealing with what we expect to be a serial bomber at this point‚Äù‚Ä¶ https://t.co/RcMekTIQzv,78
0.7845,Mon Mar 19 15:16:28 +0000 2018,@CNN,0.0,0.67,0.33,"Former FBI Director James Comey's book is already a best seller, with President Trump's help https://t.co/XwDviZepni https://t.co/RLRPj3sPoP",79
0.0,Mon Mar 19 15:14:31 +0000 2018,@CNN,0.0,1.0,0.0,"Police chief: There are ""similarities"" in all four bombs that have exploded in Austin since March 2 https://t.co/cCAhHjRSqP",80
0.0,Mon Mar 19 15:04:53 +0000 2018,@CNN,0.0,1.0,0.0,"Officials in Austin, Texas are holding a briefing after 4 bombings in less than 3 weeks: https://t.co/UYpqI3w42L¬†‚Ä¶ https://t.co/LsjH8I0Nit",81
0.0,Mon Mar 19 15:02:05 +0000 2018,@CNN,0.0,1.0,0.0,Walmart is partnering up with Handy to offer TV mounting and furniture assembly https://t.co/MqCVMg5463 https://t.co/UcNUCPGfxD,82
0.0,Mon Mar 19 14:50:06 +0000 2018,@CNN,0.0,1.0,0.0,"Four bombings in less than 3 weeks¬†have left Austin, Texas, on edge https://t.co/rJrmIQsYy5

Police are planning to‚Ä¶ https://t.co/GjVmxg8xhl",83
0.1007,Mon Mar 19 14:47:11 +0000 2018,@CNN,0.102,0.781,0.117,"RT @CNNweather: Snow on the first day of Spring?! Yes, another nor'easter is possible beginning Tuesday. Severe storms will also impact the‚Ä¶",84
0.0,Mon Mar 19 14:40:07 +0000 2018,@CNN,0.0,1.0,0.0,This single mother and her four children were living out of their car. Then a cop decided he had to do something.‚Ä¶ https://t.co/Xo0DC5KTki,85
0.3182,Mon Mar 19 14:30:08 +0000 2018,@CNN,0.0,0.874,0.126,"A Washington, DC, council member apologized after receiving backlash for comments he made in a video implying Washi‚Ä¶ https://t.co/W3g5D0Wv5C",86
0.0,Mon Mar 19 14:20:09 +0000 2018,@CNN,0.0,1.0,0.0,A helicopter carrying Ivanka Trump and Jared Kushner had to return to an airport in Washington on Thursday after on‚Ä¶ https://t.co/C9HeASieJm,87
0.0,Mon Mar 19 14:10:09 +0000 2018,@CNN,0.0,1.0,0.0,"Ex-data firm worker: We got ""into the hearts and minds of American voters in a way that had never been done before""‚Ä¶ https://t.co/Fx9er9wYfB",88
0.0,Mon Mar 19 14:00:03 +0000 2018,@CNN,0.0,1.0,0.0,"The election that handed victory to Russia's Vladimir Putin was ""overly controlled"" and ""lacked genuine competition‚Ä¶ https://t.co/w2NMEeTg4n",89
-0.5622,Mon Mar 19 13:50:09 +0000 2018,@CNN,0.301,0.571,0.128,"President Trump tweets ""WITCH HUNT,"" continuing his attack on special counsel Robert Mueller https://t.co/ySrPpGkkdN https://t.co/3u5XhBPlOf",90
-0.4019,Mon Mar 19 13:40:03 +0000 2018,@CNN,0.109,0.891,0.0,"Last night, an explosion injured two men in Austin, Texas. It's the fourth in the city this month. Here's what we k‚Ä¶ https://t.co/6RHgxPUvis",91
-0.5574,Mon Mar 19 13:37:44 +0000 2018,@CNN,0.167,0.833,0.0,Police have identified the six people who died when a pedestrian bridge crumbled on Thursday west of downtown Miami‚Ä¶ https://t.co/B0Zu0r0eji,92
0.0,Mon Mar 19 13:30:04 +0000 2018,@CNN,0.0,1.0,0.0,A low-pressure system moving across the Southeast today is expected to develop into yet another nor'easter beginnin‚Ä¶ https://t.co/qChoiQGHRs,93
0.0,Mon Mar 19 13:20:03 +0000 2018,@CNN,0.0,1.0,0.0,"On this day in 1918, Congress passed the Standard Time Act that established time zones and daylight saving time. Bu‚Ä¶ https://t.co/IEvJDeNcpO",94
-0.3412,Mon Mar 19 13:12:05 +0000 2018,@CNN,0.082,0.918,0.0,"RT @NewDay: ""How can we move on -- as adults, as parents -- when we know our kids are not safe at school?"" Miami Heat star @DwyaneWade asks‚Ä¶",95
0.25,Mon Mar 19 13:10:09 +0000 2018,@CNN,0.212,0.481,0.308,9/11 hero who saved hundreds dies of cancer at age 45 https://t.co/lDJaYv3qLs https://t.co/qRY4IADVB6,96
0.0,Mon Mar 19 13:10:00 +0000 2018,@CNN,0.0,1.0,0.0,"Former Trump campaign adviser Michael Caputo says President Trump sitting down with Robert Mueller would be a ""situ‚Ä¶ https://t.co/oFZUyzSiJt",97
0.1027,Mon Mar 19 13:05:12 +0000 2018,@CNN,0.1,0.783,0.117,Miami Heat star @DwyaneWade on his efforts to support Florida school shooting victims and survivors: ‚ÄúI do more tha‚Ä¶ https://t.co/IRUNOQh5MC,98
0.296,Mon Mar 19 13:00:14 +0000 2018,@CNN,0.0,0.896,0.104,CIA Director Mike Pompeo will meet with outgoing Secretary of State Rex Tillerson at the State Department on Monday‚Ä¶ https://t.co/HBzzKtG44H,99
-0.3818,Mon Mar 19 12:50:07 +0000 2018,@CNN,0.106,0.894,0.0,Patients who visit emergency rooms are getting hit with sky-high bills. Spending on an ER visit in the US rose to $‚Ä¶ https://t.co/k0bv2PWwj6,100
0.0,Mon Mar 19 22:55:26 +0000 2018,@Fox,0.0,1.0,0.0,"RT @cssconfau: Guess what?

Even if you aren‚Äôt here, you can watch all the talks LIVE! üò±

Tune into the live stream here. #cssconfau18 

ht‚Ä¶",1
0.9178,Mon Mar 19 10:25:22 +0000 2018,@Fox,0.0,0.456,0.544,"@amyngyn hahaha. I actually never been, but I‚Äôve heard the bar is great. :)",2
0.0,Mon Mar 19 06:54:56 +0000 2018,@Fox,0.0,1.0,0.0,@amyngyn Loui Bar?,3
0.8172,Mon Mar 19 00:57:53 +0000 2018,@Fox,0.0,0.706,0.294,RT @LJKenward: Hey friends! üëã Who's hiring Junior Devs at the moment? I have some awesome people from the @juniordev_io Community currently‚Ä¶,4
0.481,Mon Mar 19 00:08:00 +0000 2018,@Fox,0.079,0.752,0.168,Don‚Äôt forget about the Community Social today! EVERYONE IS WELCOME (even if you don‚Äôt hold a CSSConf or JSConf tick‚Ä¶ https://t.co/6c79TcKFCi,5
0.0,Sun Mar 18 23:11:31 +0000 2018,@Fox,0.118,0.725,0.156,Toxic tech industry creates a fake vision of what each of us (especially minorities) have to be and achieve to be ‚Äù‚Ä¶ https://t.co/yfXZ5nxCJ7,6
0.6705,Sun Mar 18 21:53:04 +0000 2018,@Fox,0.0,0.776,0.224,"@amyngyn I never introduce myself. The focus is on content, not myself. Also I don‚Äôt feel like I need to justify my cred. :)",7
0.3818,Sun Mar 18 03:17:02 +0000 2018,@Fox,0.0,0.698,0.302,Today I got kissed by a dingo. üíÅüèª‚Äç‚ôÄÔ∏è https://t.co/FDQsVw2anl,8
0.7569,Sat Mar 17 21:10:23 +0000 2018,@Fox,0.0,0.481,0.519,"@Sareh88 Thank you, Sareh! That‚Äôs very kind. ‚ù§Ô∏è",9
0.7096,Sat Mar 17 08:20:32 +0000 2018,@Fox,0.0,0.742,0.258,@meelijane https://t.co/Y5wM3nCdsH in Northcote. I‚Äôve tested many and this one is orders of magnitude better than everywhere else. :),10
0.765,Sat Mar 17 07:02:55 +0000 2018,@Fox,0.0,0.761,0.239,One of many reasons why I love my yoga studio so much is how meditative the practice is and how all the instructors‚Ä¶ https://t.co/VXfSqdo6bk,11
-0.34,Sat Mar 17 06:59:15 +0000 2018,@Fox,0.345,0.473,0.182,"@IvanaMcConnell I can only help ruin your bank account further, sorry. üòÇ",12
0.1646,Sat Mar 17 06:58:49 +0000 2018,@Fox,0.134,0.711,0.156,"RT @slamup: people love to say

     no child is born 
     with hate in their heart

which is all very
romantic

but from the moment
a bla‚Ä¶",13
0.4588,Sat Mar 17 04:44:27 +0000 2018,@Fox,0.0,0.769,0.231,"@evanderkoogh Nope, we are at full capacity of the venue. :)",14
0.6114,Sat Mar 17 04:43:03 +0000 2018,@Fox,0.0,0.84,0.16,"RT @cssconfau: Come and celebrate with us at pre CSSConf and JSConf AU community social!

üìÖ Monday, March 19, 6pm onwards
üìçStomping Ground‚Ä¶",15
0.5106,Sat Mar 17 03:16:57 +0000 2018,@Fox,0.152,0.381,0.467,"@noahmp Heh, dang :) worth asking nonetheless.",16
0.0,Sat Mar 17 03:10:32 +0000 2018,@Fox,0.0,1.0,0.0,@noahmp üëãüèª is this a SF-based role?,17
0.2263,Fri Mar 16 23:36:37 +0000 2018,@Fox,0.0,0.913,0.087,RT @mbrockenbrough: Here's a point worth making every so often. The patriarchy isn't men. It's a system that prefers them. Wanting to disma‚Ä¶,18
0.4199,Fri Mar 16 23:36:24 +0000 2018,@Fox,0.0,0.782,0.218,@madalynrose Thank you so much ‚ò∫Ô∏è looking forward to meeting you! üå∫,19
0.7835,Fri Mar 16 23:27:46 +0000 2018,@Fox,0.0,0.537,0.463,"@andymcmillan Thanks, Andy! You are an inspiration for me too! üíô",20
0.7345,Fri Mar 16 23:27:14 +0000 2018,@Fox,0.0,0.64,0.36,@evanderkoogh Hey Erwin! Thanks so much. We can chat during the events. :),21
-0.3597,Fri Mar 16 23:11:30 +0000 2018,@Fox,0.14,0.782,0.078,I don‚Äôt know what or who I‚Äôm most disappointed with to allow community work put my career in the background (again)‚Ä¶ https://t.co/khOCa8rLHV,22
0.0,Fri Mar 16 23:09:07 +0000 2018,@Fox,0.0,1.0,0.0,This time was supposed to be split between the conference and product work that would set me up for looking for a j‚Ä¶ https://t.co/mOoFPPnV5w,23
0.0,Fri Mar 16 23:07:25 +0000 2018,@Fox,0.0,1.0,0.0,"Over the last 6+ months, I‚Äôve sacrificed all the time I had to run CSSConf and JSConf AU. I‚Äôve set the highest stan‚Ä¶ https://t.co/QRvns2lJs8",24
-0.818,Fri Mar 16 23:00:59 +0000 2018,@Fox,0.321,0.679,0.0,"RT @katebevan: LAYDEEZ!!!! Worried that VPNs are too hard for your fluffy ladybrain??? Never fear, a fuckwitted BroCo called @keepsafe is h‚Ä¶",25
0.4199,Fri Mar 16 22:40:18 +0000 2018,@Fox,0.0,0.417,0.583,@sarah_edo thank you! üò≥,26
0.5719,Fri Mar 16 20:34:54 +0000 2018,@Fox,0.0,0.829,0.171,I can‚Äôt wait to come back to lovey Portland and see what wonderful thing @andymcmillan and @waxpancake are preparin‚Ä¶ https://t.co/3rfz3ShOEU,27
0.2942,Fri Mar 16 04:01:44 +0000 2018,@Fox,0.17,0.532,0.297,@jennwrites thank you! I miss you too üò≠‚ù§Ô∏è,28
0.0,Fri Mar 16 01:52:07 +0000 2018,@Fox,0.0,1.0,0.0,"To the young woman wearing a ‚Äúthe future is female‚Äù tee:

The
Future
Is
Intersectional",29
0.7003,Fri Mar 16 01:33:25 +0000 2018,@Fox,0.0,0.734,0.266,"Cannot agree with this more. I constantly get asked for free diversity, inclusion, community or general workplace a‚Ä¶ https://t.co/M9hOz6A980",30
0.0,Fri Mar 16 00:36:14 +0000 2018,@Fox,0.0,1.0,0.0,"@pat @coryannj @kckal Oh, I have not seen it. Will register. üëçüèª",31
0.0,Thu Mar 15 23:44:49 +0000 2018,@Fox,0.0,1.0,0.0,Four days to go. https://t.co/RYxiCmMEFp,32
0.0,Thu Mar 15 22:04:46 +0000 2018,@Fox,0.0,1.0,0.0,"Ellen already had a lasting impact on diversity and inclusion spanning beyond the tech industry. 

I can‚Äôt wait to‚Ä¶ https://t.co/1QFSP6DHyQ",33
0.4574,Thu Mar 15 22:03:16 +0000 2018,@Fox,0.0,0.824,0.176,@jordwalsh üëãüèª interesting! Would you be able to email me more details? hi at https://t.co/vah0lKcYeo. üì¨,34
0.0,Thu Mar 15 21:51:34 +0000 2018,@Fox,0.0,1.0,0.0,My last two weeks were spent in email. Conference organiser life. https://t.co/h5hlszzyjv,35
0.0,Thu Mar 15 02:58:59 +0000 2018,@Fox,0.0,1.0,0.0,This video with Jeff Goldblum is everything. https://t.co/vo5HSwuOUP,36
-0.6369,Thu Mar 15 00:17:24 +0000 2018,@Fox,0.333,0.568,0.098,"Accepting talk proposals for conferences on a rolling basis: no no no no.

First come first serve doesn‚Äôt work for inclusion.",37
0.0,Thu Mar 15 00:05:26 +0000 2018,@Fox,0.0,1.0,0.0,"If you are in Melbourne on Monday, March 19, we‚Äôre opening @cssconfau, @jsconfau and @decompressau with a Community‚Ä¶ https://t.co/OyPVisZXYn",38
-0.8625,Wed Mar 14 22:35:40 +0000 2018,@Fox,0.683,0.317,0.0,Australia is racist as hell. https://t.co/EIRFzejhsi,39
0.0,Wed Mar 14 22:08:53 +0000 2018,@Fox,0.0,1.0,0.0,"RT @sarahmei: üì¢ PSA: when you're building a diverse team, you're looking for culture _add_, not culture _fit_. Hire people who bring a pers‚Ä¶",40
0.6976,Wed Mar 14 21:32:48 +0000 2018,@Fox,0.0,0.747,0.253,RT @piamancini: ok I need help. I really really want to hire a kickass developer who also happens to be a woman (backend pref.) What are th‚Ä¶,41
0.3802,Wed Mar 14 21:32:37 +0000 2018,@Fox,0.107,0.67,0.223,"@piamancini Hey Pia! Thanks for reaching out üëãüèª Unfortunately, software engineering isn‚Äôt my background; I‚Äôm a FE d‚Ä¶ https://t.co/1IEwNKyc9q",42
-0.296,Wed Mar 14 09:43:21 +0000 2018,@Fox,0.104,0.896,0.0,"RT @EricaJoy: üì¢ PSA: There are no ""diverse"" applicants
People aren't diverse, teams are
You're not hiring a diverse person, you're building‚Ä¶",43
0.4215,Wed Mar 14 00:14:03 +0000 2018,@Fox,0.0,0.896,0.104,"RT @SashaLaundy: What I keep telling myself this week: 
üëâüèª In work, a new thing I don't know how to do means progress. 
üëâüèª In the gym, a ha‚Ä¶",44
-0.2263,Tue Mar 13 21:56:19 +0000 2018,@Fox,0.113,0.821,0.067,"No underrepresented groups want to thrive and partake in exclusionary platform StackOverflow is.

Tweet your hot ta‚Ä¶ https://t.co/xfKjCfUtwJ",45
-0.4404,Tue Mar 13 21:53:43 +0000 2018,@Fox,0.492,0.508,0.0,@erikalleigh I just block them. üòé,46
0.5509,Tue Mar 13 21:47:56 +0000 2018,@Fox,0.152,0.581,0.266,"@jaffathecake Jake, I really admire your ability to try to have a serious conversation with inclusion deniers and mansplainers. üòÇ",47
0.0,Tue Mar 13 21:40:02 +0000 2018,@Fox,0.0,1.0,0.0,@modernserf and thongs! I cannot grasp the diversity,48
0.0,Tue Mar 13 21:38:42 +0000 2018,@Fox,0.0,1.0,0.0,"@heydonworks Ohhh, this tweet so gold",49
0.0,Tue Mar 13 11:32:51 +0000 2018,@Fox,0.0,1.0,0.0,RT @vaurorapub: For women in tech who need a break from talking about women in tech sometimes: here are some of the ways I get out of doing‚Ä¶,50
0.0,Tue Mar 13 08:57:37 +0000 2018,@Fox,0.0,1.0,0.0,Do I know anyone working at @zapier?,51
0.8271,Tue Mar 13 08:39:15 +0000 2018,@Fox,0.089,0.543,0.367,"Thank heavens for my career hotline with a few great women in tech.

Sadly, we all share the same thoughts about th‚Ä¶ https://t.co/KTzemdT7OG",52
0.4939,Tue Mar 13 07:56:31 +0000 2018,@Fox,0.0,0.61,0.39,I must say I‚Äôm pretty speechless. https://t.co/s4lvmWyE23,53
-0.7906,Tue Mar 13 05:51:06 +0000 2018,@Fox,0.438,0.562,0.0,"The tech industry, saving humanity from disease, poverty and injustice. https://t.co/wkmxj8c4Wy",54
0.0,Tue Mar 13 05:31:56 +0000 2018,@Fox,0.0,1.0,0.0,I‚Äôm running a 4-day conference next week aka I have been listening to bird sounds on @noisli for the last eight hours.,55
0.0,Tue Mar 13 05:27:16 +0000 2018,@Fox,0.0,1.0,0.0,"PREACH @adblanche! 

White women have a lot of homework to do. 

https://t.co/PWeBC6MsXG",56
0.7003,Tue Mar 13 04:05:17 +0000 2018,@Fox,0.078,0.674,0.248,"@brianleroux Brian, we both know that best talent lives in SF and NYC. there is no tech outside of those two regions.",57
0.5106,Tue Mar 13 02:01:01 +0000 2018,@Fox,0.17,0.567,0.263,@coryannj I love how the tech industry is cocky enough to believe they‚Äôre the solution to all humanity problems,58
-0.1027,Tue Mar 13 01:55:02 +0000 2018,@Fox,0.072,0.928,0.0,"‚ÄùWilling to relocate to San Francisco‚Äù. 

We can‚Äôt have inclusive technology if jobs are constrained to cities whic‚Ä¶ https://t.co/NCFLDermIF",59
0.4019,Tue Mar 13 00:14:42 +0000 2018,@Fox,0.0,0.87,0.13,üëãüèª¬†I have a bit of availability for diversity and inclusion consulting during April and May. I can help run inclusi‚Ä¶ https://t.co/t4sbNrXUDV,60
-0.34,Mon Mar 12 08:45:39 +0000 2018,@Fox,0.2,0.688,0.113,RT @pangopup: 'Why sexism over how women look harms their leadership chances' https://t.co/v1YyNfpz3Z,61
0.0,Mon Mar 12 06:59:39 +0000 2018,@Fox,0.0,1.0,0.0,"RT @WBJenna: Have you heard about the @PineappleMedia Fellowship for Underrepresented Voices in Podcasting?

-A full-time, producer-in-resi‚Ä¶",62
0.4939,Mon Mar 12 05:17:18 +0000 2018,@Fox,0.0,0.868,0.132,@coryannj Have you read Lean Out? Pretty much sums up most of my concerns with the approach. So flawed. I have a co‚Ä¶ https://t.co/fpihGPPNkb,63
0.5574,Mon Mar 12 05:01:46 +0000 2018,@Fox,0.0,0.635,0.365,"To be honest, all I want is a @sailorhg clothing line. https://t.co/iobZVLnosX",64
0.0772,Sun Mar 11 23:45:08 +0000 2018,@Fox,0.0,0.936,0.064,"RT @incantatricks: Society expects women to be everything and want nothing.

We have to be masters at self-improvement, conversation, emoti‚Ä¶",65
-0.296,Sun Mar 11 23:10:30 +0000 2018,@Fox,0.136,0.864,0.0,"RT @ChloeCondon: Hey ladies, come work in tech. We have no bathroom lines üöΩüíÅüèº‚Äç‚ôÄÔ∏è https://t.co/01stO97NKd",66
0.6996,Sun Mar 11 06:15:00 +0000 2018,@Fox,0.0,0.509,0.491,"Friends: excited for the long weekend!
Me: https://t.co/vPjwIGbbM4",67
0.0,Sat Mar 10 08:34:51 +0000 2018,@Fox,0.0,1.0,0.0,RT @lrnrd: THIS THREAD üçøüî•üôèüèªüëèüíØ https://t.co/vhfH4ETTC0,68
-0.2957,Sat Mar 10 06:41:48 +0000 2018,@Fox,0.177,0.725,0.098,"RT @ChloeCondon: Booth recruiter üßî: ...and we really value diversity!

Me üëßüèº: Do you have any women's sized shirts?

üßî: Unfortunately no, t‚Ä¶",69
0.5859,Fri Mar 09 06:19:04 +0000 2018,@Fox,0.0,0.568,0.432,Amazing hosts for upcoming @CSSconfeu üíñ¬†https://t.co/pmtGtflroP,70
-0.25,Fri Mar 09 06:01:38 +0000 2018,@Fox,0.095,0.905,0.0,Still wondering what companies that have less than 10% women (let alone POC) across the entire organisation (not on‚Ä¶ https://t.co/yIyuV9WkMS,71
0.0,Fri Mar 09 02:43:33 +0000 2018,@Fox,0.0,1.0,0.0,"Women‚Äôs Day isn‚Äôt an arbitrary date. 

It should be an ongoing celebration, empowerment and inclusion of all women‚Ä¶ https://t.co/5EJ63WQXL6",72
0.4019,Fri Mar 09 02:39:36 +0000 2018,@Fox,0.0,0.891,0.109,"RT @butwhoiskat: I‚Äôll be speaking (for the first time) next Thursday, at WDYK, on the ethics of design.

Wanna come support me?

https://t.‚Ä¶",73
-0.6336,Fri Mar 09 02:25:31 +0000 2018,@Fox,0.508,0.492,0.0,"@Double_Days Hey! Unfortunately, that‚Äôs not me :)",74
0.0,Fri Mar 09 01:16:08 +0000 2018,@Fox,0.0,1.0,0.0,RT @void_daddy_: the future isnt female. the future is nonbinary it's genderfluid it's queer and it's trans it's natives rising up against‚Ä¶,75
0.6771,Fri Mar 09 01:15:52 +0000 2018,@Fox,0.0,0.764,0.236,"RT @soniagupta504: I'm starting to really understand the importance of psychological safety on developer teams. 

With it, you have a team‚Ä¶",76
0.0,Fri Mar 09 00:59:44 +0000 2018,@Fox,0.0,1.0,0.0,"RT @vboykis: Somewhere in the multiverse, this HN exists. https://t.co/bdk0sZeucF",77
-0.34,Fri Mar 09 00:06:04 +0000 2018,@Fox,0.261,0.611,0.128,"@ohhoe blocked because the truth was too stingy, the follow up james damore story",78
0.4404,Fri Mar 09 00:05:05 +0000 2018,@Fox,0.0,0.888,0.112,RT @triketora: such a useful resource for founders to be able to find the anti-harassment policies and points of contact for the vc firms t‚Ä¶,79
0.8356,Thu Mar 08 23:42:03 +0000 2018,@Fox,0.0,0.643,0.357,Hi friends! I‚Äôm looking for new opportunities to put my multidisciplinary skills to good use within a diverse organ‚Ä¶ https://t.co/Chl7QaEgSe,80
0.0,Thu Mar 08 23:08:31 +0000 2018,@Fox,0.0,1.0,0.0,@ANZ_AU You can email me at hi@thefox.is.,81
0.658,Thu Mar 08 22:20:51 +0000 2018,@Fox,0.0,0.578,0.422,"@Mandy_Kerr Back at you, Mandy! You‚Äôre amazing! ‚ú®",82
0.4199,Thu Mar 08 22:20:32 +0000 2018,@Fox,0.0,0.417,0.583,@happycrappie thank you!,83
0.7269,Thu Mar 08 21:27:38 +0000 2018,@Fox,0.0,0.736,0.264,"RT @shailjapatel: Read women.
Cite women.
Credit women.

Teach women.
Publish women.
Present women.

Acknowledge women.
Award women.
Amplif‚Ä¶",84
0.6114,Thu Mar 08 21:26:51 +0000 2018,@Fox,0.0,0.84,0.16,"RT @EricaJoy: Men! Celebrate #InternationalWomensDay by taking direct action:
üåü Tell the women you work with how much you get paid.
üåü If yo‚Ä¶",85
-0.0772,Thu Mar 08 08:57:37 +0000 2018,@Fox,0.085,0.847,0.069,Another release of @jsconfeu tickets is happening in a few minutes and you don‚Äôt want to miss out. https://t.co/MX1CYi6kiK,86
-0.296,Thu Mar 08 08:32:47 +0000 2018,@Fox,0.196,0.804,0.0,"Everything about this‚Äî‚Äùthe absence of no is not consent.‚Äù

https://t.co/58usW9cFxH",87
-0.6597,Thu Mar 08 07:42:40 +0000 2018,@Fox,0.252,0.748,0.0,"Don‚Äôt try to shame me for your lack of professionalism and overconfident behaviour. 

Tl:dr; don‚Äôt work for @ANZ_AU.",88
-0.7269,Thu Mar 08 07:39:19 +0000 2018,@Fox,0.289,0.711,0.0,"I told her how offensive and exclusionary those things were. Her reply:

‚ÄùI'm disappointed with your interpretation‚Ä¶ https://t.co/diQiVBdLF0",89
0.0772,Thu Mar 08 07:23:41 +0000 2018,@Fox,0.0,0.939,0.061,I got emailed by someone at @ANZ_AU who not only insinuated that I‚Äôm after ‚Äùfancy titles‚Äù after I said I want to dr‚Ä¶ https://t.co/kpCyQY3i1z,90
0.09,Thu Mar 08 02:54:19 +0000 2018,@Fox,0.154,0.639,0.208,"@theroyals hey, thanks but that doesn‚Äôt sound like me, and I find a bunch of the language on your site problematic.",91
0.0,Thu Mar 08 02:52:30 +0000 2018,@Fox,0.0,1.0,0.0,"I think I‚Äôm going to collect ‚Äúthe best‚Äù team pages and toxic statements I see when looking for a new role. Already seen so many.

ü§¢",92
-0.3489,Thu Mar 08 02:50:10 +0000 2018,@Fox,0.159,0.75,0.091,"@Catharz Thanks! I‚Äôve interviewed in the past, but unfortunately, it didn‚Äôt fulfil my requirements on diversity and inclusion.",93
0.2003,Thu Mar 08 02:46:52 +0000 2018,@Fox,0.111,0.741,0.148,"@s_mcleod üëãüèª thanks! unfortunately, I think I‚Äôm mostly looking to steer away from traditional front-end roles to so‚Ä¶ https://t.co/VJ18W89w3A",94
0.5106,Thu Mar 08 02:38:56 +0000 2018,@Fox,0.0,0.807,0.193,@stephenbelanger üëãüèª Elastic has been recommended to me several times now. I would be keen to chat to someone. Would‚Ä¶ https://t.co/YOKEU5HWVf,95
0.9552,Thu Mar 08 02:30:05 +0000 2018,@Fox,0.0,0.245,0.755,"@mikerapp haha, please feel free to. I was inspired by wonderful @lrnrd :)",96
0.4714,Thu Mar 08 02:29:38 +0000 2018,@Fox,0.099,0.658,0.243,"@d2kagw @camplexer üëãüèª  sure! would you be able to drop a line at hi@thefox.is with more details, please?",97
0.8588,Thu Mar 08 02:27:14 +0000 2018,@Fox,0.082,0.478,0.44,"@breskeby hey, thanks! unfortunately, I don‚Äôt want to pursue the path of a front/JS developer so it wouldn‚Äôt be a good fit :)",98
0.0,Thu Mar 08 00:49:51 +0000 2018,@Fox,0.0,1.0,0.0,@superhighfives Which park is this?!,99
-0.539,Mon Mar 19 23:17:05 +0000 2018,@nytimes,0.302,0.498,0.2,"RT @KevinQ: The worst places for poor white children are almost all better than the best places for poor black children.

https://t.co/EPZt‚Ä¶",1
0.0,Mon Mar 19 23:02:04 +0000 2018,@nytimes,0.0,1.0,0.0,Evening Briefing: Here's what you need to know at the end of the day https://t.co/tQvejB0Xpm,2
-0.1027,Mon Mar 19 22:44:07 +0000 2018,@nytimes,0.126,0.766,0.108,RT @nicoleperlroth: NEW: Facebook's security officer @alexstamos is leaving the company amid disagreements with Facebook execs over how to‚Ä¶,3
-0.4215,Mon Mar 19 22:34:00 +0000 2018,@nytimes,0.128,0.872,0.0,Alex Stamos is said to be leaving Facebook after internal disagreements over how the social network should deal wit‚Ä¶ https://t.co/2tbsL4WojM,4
0.0,Mon Mar 19 22:24:55 +0000 2018,@nytimes,0.0,1.0,0.0,Breaking News: A Facebook executive who urged transparency on Russian disinformation is said to be leaving after cl‚Ä¶ https://t.co/iFVb6BY6j7,5
0.34,Mon Mar 19 22:17:03 +0000 2018,@nytimes,0.082,0.784,0.134,"RT @UpshotNYT: The Supreme Court today refused to Intervene in the Pa. redistricting case. That means these districts are holding up, and D‚Ä¶",6
0.3612,Mon Mar 19 22:02:07 +0000 2018,@nytimes,0.0,0.8,0.2,Photographers find new ways to frame the natural world https://t.co/dSKQ3jE90n https://t.co/2oMSS8Vyi9,7
0.0,Mon Mar 19 21:47:01 +0000 2018,@nytimes,0.0,1.0,0.0,"RT @julieturkewitz: Tweeting some of the reaction to our story today: ""I have long thought the absence of Native Americans from any form of‚Ä¶",8
0.0,Mon Mar 19 21:32:07 +0000 2018,@nytimes,0.0,1.0,0.0,"Al Pacino and Michelle Pfeiffer will reunite for a 35th anniversary screening of ""Scarface"" at the Tribeca Film Fes‚Ä¶ https://t.co/CHjotO0oT8",9
0.0,Mon Mar 19 21:20:10 +0000 2018,@nytimes,0.0,1.0,0.0,"‚ÄúSend some girls around to the candidate‚Äôs house.‚Äù

As part of a monthslong investigation into Cambridge Analytica,‚Ä¶ https://t.co/YP7xSJ59Gx",10
0.0,Mon Mar 19 21:10:05 +0000 2018,@nytimes,0.0,1.0,0.0,RT @readercenter: A @nytimes article published today on race and the income gap led to a big discussion among our readers. Submit a questio‚Ä¶,11
0.128,Mon Mar 19 21:00:21 +0000 2018,@nytimes,0.132,0.679,0.189,"Catharine MacKinnon: ""People have asked me for 40 years how not to get sued for sexual harassment. Well, a good fir‚Ä¶ https://t.co/aiuh7NXSzK",12
0.7351,Mon Mar 19 20:50:06 +0000 2018,@nytimes,0.0,0.763,0.237,"Justin Verlander brought value to the Astros last season, when he joined in a trade and helped them win the World S‚Ä¶ https://t.co/8yl93W3HoA",13
-0.2732,Mon Mar 19 20:40:10 +0000 2018,@nytimes,0.091,0.909,0.0,‚ÄúEveryone in Austin is in the process of trying to figure out exactly how nervous to be. Are these bombings targete‚Ä¶ https://t.co/5Pg0Ep4PRR,14
-0.5423,Mon Mar 19 20:33:00 +0000 2018,@nytimes,0.156,0.844,0.0,Read our report on how servers and bartenders weigh harassing behavior from customers against the tips they need to‚Ä¶ https://t.co/N9dFagqWIa,15
-0.5423,Mon Mar 19 20:30:18 +0000 2018,@nytimes,0.163,0.837,0.0,"Our report on the sexual harassment endured by restaurant servers drew 1,200 responses from readers: on money, powe‚Ä¶ https://t.co/VnCiSwIYgy",16
0.0,Mon Mar 19 20:20:07 +0000 2018,@nytimes,0.0,1.0,0.0,RT @nytimestravel: Do you see Wakanda as a series of magical neighborhoods floating in midair? Would the magnetic levitation subway in trav‚Ä¶,17
0.0,Mon Mar 19 20:17:56 +0000 2018,@nytimes,0.0,1.0,0.0,"‚ÄúSend some girls around to the candidate‚Äôs house‚Äù: As part of a monthslong investigation into Cambridge Analytica,‚Ä¶ https://t.co/FMEWKpKCUa",18
0.0,Mon Mar 19 20:14:53 +0000 2018,@nytimes,0.0,1.0,0.0,"However, the firm‚Äôs employees, who often overlap, had contact in 2014 and 2015 with executives from Lukoil, the Rus‚Ä¶ https://t.co/8Q90TwYuIH",19
0.128,Mon Mar 19 20:13:08 +0000 2018,@nytimes,0.0,0.919,0.081,"Alexander Nix, a director of SCL Group, a British political and defense contractor, and chief executive of its Amer‚Ä¶ https://t.co/CZMF8buD3n",20
0.0,Mon Mar 19 20:10:11 +0000 2018,@nytimes,0.0,1.0,0.0,Facebook is defending its protection of user information after Cambridge Analytica harvested private information fr‚Ä¶ https://t.co/ynmgpzkUa8,21
0.0,Mon Mar 19 20:06:00 +0000 2018,@nytimes,0.0,1.0,0.0,"Christopher Wylie, who oversaw Cambridge‚Äôs data collection until 2014, said of his former company, ‚ÄúFor them, this‚Ä¶ https://t.co/lGYdQTfkLz",22
0.0,Mon Mar 19 20:04:05 +0000 2018,@nytimes,0.0,1.0,0.0,"The New York Times and The Observer of London reported how Cambridge Analytica, a political data firm closely tied‚Ä¶ https://t.co/iu6g0OHg5T",23
0.3818,Mon Mar 19 20:00:20 +0000 2018,@nytimes,0.0,0.885,0.115,Here‚Äôs what you need to know about how a political data firm tied to President Trump‚Äôs campaign gained access to pr‚Ä¶ https://t.co/zvnAIgGXbv,24
0.0,Mon Mar 19 19:50:06 +0000 2018,@nytimes,0.0,1.0,0.0,"""Nipped waists have long represented femininity,"" @AlexanderFury writes. ""What does it say about the contemporary m‚Ä¶ https://t.co/30rkCxLYYD",25
0.0,Mon Mar 19 19:40:08 +0000 2018,@nytimes,0.0,1.0,0.0,"RT @NYTmag: These are chicks of the endangered Akikiki bird, a small bird native to the forests of Kauai, Hawaii. https://t.co/Wx1KGuzIk7 h‚Ä¶",26
0.0,Mon Mar 19 19:30:06 +0000 2018,@nytimes,0.0,1.0,0.0,"The Australian comic Hannah Gadsby calls out Louis C.K., Harvey Weinstein and Bill Clinton, but her real target is‚Ä¶ https://t.co/9lsfWqknha",27
0.2732,Mon Mar 19 19:20:09 +0000 2018,@nytimes,0.0,0.896,0.104,"The fourth bombing in Austin demonstrated a higher level of sophistication than the previous 3, as well as a ‚Äúsigni‚Ä¶ https://t.co/uLMo7jGk5b",28
0.0,Mon Mar 19 19:02:38 +0000 2018,@nytimes,0.0,1.0,0.0,This video is the first piece in a series about these residents. Their stories offer a look at how people are confr‚Ä¶ https://t.co/NLB5u8MLra,29
0.0,Mon Mar 19 19:01:46 +0000 2018,@nytimes,0.0,1.0,0.0,"In the 6 months since Harvey, The New York Times followed several families in the Cinco Ranch community as they str‚Ä¶ https://t.co/naAH2tvhPx",30
0.0,Mon Mar 19 19:00:57 +0000 2018,@nytimes,0.0,1.0,0.0,The homes in Cinco Ranch sat on land that had been designed to flood ‚Äî a fact that wasn‚Äôt widely publicized when a‚Ä¶ https://t.co/qAwdPWE5WV,31
-0.3182,Mon Mar 19 19:00:10 +0000 2018,@nytimes,0.113,0.887,0.0,"After Hurricane Harvey swamped Houston, some residents of one suburban area were shocked to learn that the flooding‚Ä¶ https://t.co/QYRyJRcO7D",32
0.7351,Mon Mar 19 18:50:06 +0000 2018,@nytimes,0.0,0.788,0.212,"RT @tiffkhsu: Claire's, where I and all of my friends and all of their friends got ears pierced as teenagers, is filing for Chapter 11 bank‚Ä¶",33
0.4767,Mon Mar 19 18:40:22 +0000 2018,@nytimes,0.0,0.823,0.177,Does New York want another celebrity in public office? The actress Cynthia Nixon hopes so: She just entered the rac‚Ä¶ https://t.co/tmzrIs6quF,34
0.0772,Mon Mar 19 18:40:04 +0000 2018,@nytimes,0.0,0.939,0.061,"RT @julieturkewitz: For much of our country's history, native people weren't permitted to vote. Now there are a historic number of indigeno‚Ä¶",35
-0.802,Mon Mar 19 18:30:04 +0000 2018,@nytimes,0.286,0.714,0.0,"4 bombings this month in Austin, including one on Sunday night, have killed 2 people and injured 4. Here's what we‚Ä¶ https://t.co/bqa42mRTn7",36
-0.5574,Mon Mar 19 18:21:43 +0000 2018,@nytimes,0.184,0.816,0.0,Another reader reacts to the news that a woman died after being hit by a self-driving Uber car‚Ä¶ https://t.co/z1uax6tzgG,37
-0.5574,Mon Mar 19 18:20:05 +0000 2018,@nytimes,0.167,0.833,0.0,A New York Times reader reacts to the news that a woman died after being hit by a self-driving Uber car‚Ä¶ https://t.co/1Tm0f1qpdM,38
0.4588,Mon Mar 19 18:10:09 +0000 2018,@nytimes,0.0,0.8,0.2,You'll probably need to do a little shopping to make this traditional dish. But it's well worth it. https://t.co/8sjpx5xcn7,39
-0.743,Mon Mar 19 18:00:11 +0000 2018,@nytimes,0.223,0.777,0.0,"RT @NYTSports: Tyronn Lue: ‚ÄúI have had chest pains and other troubling symptoms."" He's stepping away from the Cavs with just 13 games left‚Ä¶",40
-0.5574,Mon Mar 19 17:50:06 +0000 2018,@nytimes,0.153,0.847,0.0,"Andrew McCabe, the former FBI deputy director, was fired late Friday night ‚Äî on the eve of his retirement. Here‚Äôs w‚Ä¶ https://t.co/WgdgoA0WtP",41
0.3818,Mon Mar 19 17:40:10 +0000 2018,@nytimes,0.0,0.86,0.14,Stuffed ham is one of America‚Äôs most regionally specific dishes. People in Southern Maryland cherish it. https://t.co/g2tDQy5xWK,42
0.2023,Mon Mar 19 17:35:00 +0000 2018,@nytimes,0.0,0.859,0.141,One NYT reader embraces the practice of flirting for tips https://t.co/bzmsCpF0sp https://t.co/35aiorjdej,43
0.0,Mon Mar 19 17:30:06 +0000 2018,@nytimes,0.0,1.0,0.0,"RT @jasondhorowitz: Luigi Di Maio, 31, and Italy's potential next leader, was living at home ‚Äúuntil five years ago,‚Äù his mother tells me. M‚Ä¶",44
0.0,Mon Mar 19 17:17:10 +0000 2018,@nytimes,0.0,1.0,0.0,President Trump is planning to hire a lawyer who‚Äôs pushed theories on Fox News that Trump was framed by the FBI and‚Ä¶ https://t.co/W8oVqa5D2I,45
0.0,Mon Mar 19 17:05:07 +0000 2018,@nytimes,0.0,1.0,0.0,"The change of a single word in the new tax law means the MLB, NBA and other sports franchises could now face capita‚Ä¶ https://t.co/NBcgIvPN2X",46
-0.5574,Mon Mar 19 16:55:21 +0000 2018,@nytimes,0.159,0.841,0.0,"Breaking News: A woman died after being hit by a self-driving Uber car in Tempe, Arizona. It‚Äôs the first known pede‚Ä¶ https://t.co/KqD9AUqOm5",47
-0.34,Mon Mar 19 16:50:05 +0000 2018,@nytimes,0.112,0.888,0.0,"RT @nytopinion: I am a junior in high school, and I regularly shoot guns, for target practice and hunting, writes Dakota Hanchett https://t‚Ä¶",48
-0.25,Mon Mar 19 16:40:07 +0000 2018,@nytimes,0.091,0.909,0.0,Britain will have a transition period after the country withdraws from the EU ‚Äî as long as a deal can be struck to‚Ä¶ https://t.co/j3M7RRrd5d,49
0.0,Mon Mar 19 16:30:10 +0000 2018,@nytimes,0.0,1.0,0.0,What we know about the Austin bombings https://t.co/EfHgpraY8B,50
0.34,Mon Mar 19 16:20:09 +0000 2018,@nytimes,0.0,0.897,0.103,"The Austin police chief sent an unusual public message to the unknown bomber or bombers on Sunday: ""We assure you t‚Ä¶ https://t.co/BYmbbRdr6n",51
0.0,Mon Mar 19 16:10:08 +0000 2018,@nytimes,0.0,1.0,0.0,"RT @NYTMetro: Prewar walk-up, airy loft, garden flat or sky-high glass-and-steel cube ‚Äî we took a look at the history of the New York City‚Ä¶",52
-0.5423,Mon Mar 19 16:00:19 +0000 2018,@nytimes,0.163,0.837,0.0,"After we published an article examining how servers endure harassing behavior for tips, readers wrote in with their‚Ä¶ https://t.co/2zaaCSwtzd",53
0.0,Mon Mar 19 15:50:08 +0000 2018,@nytimes,0.0,1.0,0.0,"In her early 20s, Mary Ewing Outerbridge brought tennis to the U.S. in the 1870s, establishing what may have been A‚Ä¶ https://t.co/vqkNjr5uhs",54
0.0,Mon Mar 19 15:39:25 +0000 2018,@nytimes,0.0,1.0,0.0,"Michael Ferro stepped down as the chairman of Tronc, just weeks after he helped negotiate the sale of The Los Angel‚Ä¶ https://t.co/2ctT8mAELY",55
-0.1779,Mon Mar 19 15:30:02 +0000 2018,@nytimes,0.154,0.724,0.122,YouTube announced it would enlist Wikipedia‚Äôs help to deal with the proliferation of conspiracy theories and misinf‚Ä¶ https://t.co/BRgKu7qgmR,56
-0.3384,Mon Mar 19 15:20:05 +0000 2018,@nytimes,0.218,0.609,0.173,RT @nhannahjones: An absolutely devastating new study about race and black males. Sons of wealthy black parents no better off than sons of‚Ä¶,57
0.0,Mon Mar 19 15:10:06 +0000 2018,@nytimes,0.0,1.0,0.0,There‚Äôs never been a Native American congresswoman. That could change in 2018. https://t.co/sWz8dv2SQ5,58
-0.5859,Mon Mar 19 15:00:15 +0000 2018,@nytimes,0.15,0.808,0.042,"RT @NYTNational: ‚ÄúRules don‚Äôt matter for them. For them, this is a war, and it‚Äôs all fair,"" said a founder of Cambridge Analytica, a firm t‚Ä¶",59
0.0,Mon Mar 19 14:52:32 +0000 2018,@nytimes,0.0,1.0,0.0,‚ÄúOur community never should have been developed. It‚Äôs hundreds and hundreds of houses. Now we are proof that we nee‚Ä¶ https://t.co/jlC1TJJ7JE,60
0.0,Mon Mar 19 14:51:34 +0000 2018,@nytimes,0.0,1.0,0.0,"After Hurricane Harvey, thousands of homes in a Houston suburb were deliberately flooded by the federal government.‚Ä¶ https://t.co/x3cwgQEQkr",61
0.2732,Mon Mar 19 14:45:09 +0000 2018,@nytimes,0.0,0.877,0.123,"In Opinion¬†

Op-Ed columnist @CharlesMBlow writes: ""How are international agreements supposed to be negotiated when‚Ä¶ https://t.co/iS7FGbJfIZ",62
0.0,Mon Mar 19 14:30:14 +0000 2018,@nytimes,0.0,1.0,0.0,"Andrew Cuomo suggested that his name ""was never mentioned"" during his former aide's corruption trial. That is incor‚Ä¶ https://t.co/FlXRhzCHHl",63
0.0,Mon Mar 19 14:20:07 +0000 2018,@nytimes,0.0,1.0,0.0,"New York‚Äôs school system is complex and deeply political. Its next leader has only modest big-district experience,‚Ä¶ https://t.co/x5UZ6mPYcp",64
0.4588,Mon Mar 19 14:11:03 +0000 2018,@nytimes,0.0,0.885,0.115,How do you find a person when all you have is half of a smiling face in an old photo? You turn to social media. https://t.co/F20iRGe0yG,65
0.0,Mon Mar 19 14:00:24 +0000 2018,@nytimes,0.0,1.0,0.0,Morning Briefing: Here's what you need to know to start your day https://t.co/ZoTLlxQP9f https://t.co/8lBjSG6F6I,66
-0.7574,Mon Mar 19 13:45:02 +0000 2018,@nytimes,0.265,0.735,0.0,Some aides view the weekend's attacks on Robert Mueller and the FBI as a particularly disturbing taste of what they‚Ä¶ https://t.co/dlWTNJK5wk,67
-0.6908,Mon Mar 19 13:30:00 +0000 2018,@nytimes,0.231,0.769,0.0,We also wanted to hear from you. Readers described the pressure to tolerate harassing behavior in order to earn tip‚Ä¶ https://t.co/4c3MxgNyIS,68
0.128,Mon Mar 19 13:16:01 +0000 2018,@nytimes,0.0,0.93,0.07,"Among his credentials, Luigi Di Maio was the treasurer of his elementary school class and the president of his high‚Ä¶ https://t.co/2ENENcK6pD",69
-0.296,Mon Mar 19 13:00:13 +0000 2018,@nytimes,0.095,0.905,0.0,RT @nytimesarts: No one listener can choose a definitive ‚Äúbest of‚Äù SXSW; it‚Äôs impossible to hear more than a small percentage of the perfor‚Ä¶,70
-0.2051,Mon Mar 19 12:50:04 +0000 2018,@nytimes,0.083,0.917,0.0,"Kate McKinnon as Education Secretary Betsy DeVos: ""Look, I may not be very good on camera, but behind the scenes, m‚Ä¶ https://t.co/bfafJqEzAm",71
0.4939,Mon Mar 19 12:40:03 +0000 2018,@nytimes,0.0,0.856,0.144,"Black boys raised in America, even in the wealthiest families and living in some of the most well-to-do neighborhoo‚Ä¶ https://t.co/OGBKVIcK2J",72
0.2023,Mon Mar 19 12:30:14 +0000 2018,@nytimes,0.175,0.583,0.242,4 easy ways to cut down your sugar intake https://t.co/y33BxQJCnl,73
-0.296,Mon Mar 19 12:20:06 +0000 2018,@nytimes,0.091,0.909,0.0,"When asked if women were equal to men, Prince Mohammed said: ""Absolutely. We are all human beings and there is no d‚Ä¶ https://t.co/CwcBNofidf",74
0.0,Mon Mar 19 12:11:04 +0000 2018,@nytimes,0.0,1.0,0.0,"NCAA men's tournament: Xavier, Michigan State, Cincinnati, North Carolina and Auburn exit much earlier than many ex‚Ä¶ https://t.co/2qZgXNxJh3",75
0.0,Mon Mar 19 12:00:04 +0000 2018,@nytimes,0.0,1.0,0.0,Morning Briefing: Here's what you need to know to start your day https://t.co/9gvaeEZbMx https://t.co/w1K9nD6AA5,76
-0.128,Mon Mar 19 11:50:04 +0000 2018,@nytimes,0.095,0.83,0.075,President Trump ignored the advice of his own lawyers and lashed out at Robert Mueller on Twitter. Here's how top R‚Ä¶ https://t.co/yeK5eb5OXV,77
0.0,Mon Mar 19 11:40:04 +0000 2018,@nytimes,0.0,1.0,0.0,Britain's National Health Service is paying French doctors to perform some operations on its behalf https://t.co/4wWCaNjTMu,78
-0.25,Mon Mar 19 11:30:11 +0000 2018,@nytimes,0.118,0.882,0.0,Austin was struck by a fourth explosion just hours after a televised appeal to the bomber https://t.co/4v1JYlYVts https://t.co/JyCFz78CLb,79
0.0,Mon Mar 19 11:20:11 +0000 2018,@nytimes,0.0,1.0,0.0,"""Mr. President, the American people will hear my story very soon,"" James Comey tweeted Twitter on Saturday, in what‚Ä¶ https://t.co/muUnhrU7Tx",80
0.4019,Mon Mar 19 11:10:08 +0000 2018,@nytimes,0.098,0.735,0.167,"Trump called the firing of McCabe, the deputy FBI director, a ""great day for democracy."" McCabe says it's further e‚Ä¶ https://t.co/ja3hDRB5UH",81
0.3612,Mon Mar 19 11:00:14 +0000 2018,@nytimes,0.0,0.872,0.128,"A Republican candidate in Maine dropped out after he was excoriated for calling one Parkland shooting survivor a ""s‚Ä¶ https://t.co/iDP2y5kasj",82
-0.4767,Mon Mar 19 10:45:02 +0000 2018,@nytimes,0.147,0.853,0.0,"Trump's attack on Robert Mueller, a longtime Republican and former FBI director appointed by George W. Bush, drew i‚Ä¶ https://t.co/USv58YxIVL",83
0.0,Mon Mar 19 10:30:03 +0000 2018,@nytimes,0.0,1.0,0.0,Morning¬†Briefing: Here's what you need to know to start your day https://t.co/buVWCNvtZQ https://t.co/XfAJQ3k1Vc,84
0.0,Mon Mar 19 10:14:05 +0000 2018,@nytimes,0.0,1.0,0.0,"As the list of endangered animals grows longer, we may soon be faced with an impossible decision: which ones to sav‚Ä¶ https://t.co/qxinyIbkFc",85
0.0258,Mon Mar 19 10:00:07 +0000 2018,@nytimes,0.154,0.729,0.117,"Britain should seek to postpone Brexit if talks drag on during the next few months, an influential committee of law‚Ä¶ https://t.co/VgIKFxrTxX",86
0.5994,Mon Mar 19 09:50:05 +0000 2018,@nytimes,0.0,0.86,0.14,"RT @LizziePaton: Black models with very dark skin walked at many of the blockbuster shows this season, more so than ever before. Why now -‚Ä¶",87
0.0,Mon Mar 19 09:40:07 +0000 2018,@nytimes,0.0,1.0,0.0,Britain says it has proof that Russia has been stockpiling and researching lethal nerve agents for the purpose of a‚Ä¶ https://t.co/sYsWVnTiCJ,88
0.2023,Mon Mar 19 09:30:07 +0000 2018,@nytimes,0.0,0.917,0.083,"Russian voters came out in smaller numbers than the Kremlin had hoped, but the result showed that Vladimir Putin en‚Ä¶ https://t.co/LAi3vnNSAT",89
0.3182,Mon Mar 19 09:15:12 +0000 2018,@nytimes,0.0,0.901,0.099,"""After 50 meters she was just gone, baby, gone,"" said a man who swam after Daphne, a huge inflatable duck, as it wa‚Ä¶ https://t.co/JbRuiKyKD2",90
0.0,Mon Mar 19 09:00:11 +0000 2018,@nytimes,0.0,1.0,0.0,"Cambridge Analytica, a voter-profiling company, harvested private information from the Facebook profiles of more th‚Ä¶ https://t.co/LgoFfnxjHd",91
-0.128,Mon Mar 19 08:44:03 +0000 2018,@nytimes,0.131,0.759,0.11,"RT @nytimesworld: On Monday morning, the situation in an Australian town hit by bushfires was still ""dangerous and dynamic"" https://t.co/Ni‚Ä¶",92
0.0,Mon Mar 19 08:31:03 +0000 2018,@nytimes,0.0,1.0,0.0,American and British lawmakers called on Facebook to explain how a political data firm tied to the Trump campaign h‚Ä¶ https://t.co/uWEL6pePty,93
-0.3818,Mon Mar 19 08:17:04 +0000 2018,@nytimes,0.11,0.89,0.0,"RT @nytimesworld: Parents are left to grieve, again, after another school kidnapping in Nigeria. In Dapchi, one father said he would rather‚Ä¶",94
-0.296,Mon Mar 19 08:04:05 +0000 2018,@nytimes,0.091,0.909,0.0,"When asked if women were equal to men, Prince Mohammed said: ""Absolutely. We are all human beings and there is no d‚Ä¶ https://t.co/BHwvmVtvTp",95
0.0,Mon Mar 19 07:44:02 +0000 2018,@nytimes,0.0,1.0,0.0,"RT @nytimesworld: ‚ÄúThe coaches try to educate the athletes in all ways, not only in wrestling,‚Äù said a wrestler in the Dagestan region of R‚Ä¶",96
0.296,Mon Mar 19 07:22:20 +0000 2018,@nytimes,0.0,0.905,0.095,Are there any keepsakes that you just can‚Äôt bear to throw away from your wedding or relationship? Share them with u‚Ä¶ https://t.co/O6Zxtu7Hkn,97
0.2023,Mon Mar 19 07:04:11 +0000 2018,@nytimes,0.175,0.583,0.242,4 Easy Ways to Cut Down Your Sugar Intake https://t.co/cC6VPwBrfz,98
-0.5267,Mon Mar 19 06:46:55 +0000 2018,@nytimes,0.152,0.848,0.0,"Police lying persists, even amid an explosion of video evidence that has allowed the public to test officers‚Äô credi‚Ä¶ https://t.co/JcUR5Jk0Gi",99
0.0,Mon Mar 19 06:29:26 +0000 2018,@nytimes,0.0,1.0,0.0,"RT @NYTmag: An hour before she goes to bed, @juliascribe turns off all the lights and her devices for the night, and lights a candle or two‚Ä¶",100
